code,name,sector,report_date,notice_date,revenue_cny,revenue_yoy_pct,net_profit_cny,net_profit_yoy_pct,gross_margin_pct,ocf_cny,inventory_cny,accounts_receivable_cny,capex_cny,pre_close_raw,ret_1d_pct,ret_5d_pct,ret_20d_pct,excess_1d_pct,excess_5d_pct,excess_20d_pct,date_1d,date_5d,date_20d,ttm_revenue_cny,ttm_net_profit_cny,financial_source,cashflow_source,balance_source,price_source,benchmark_source
002594,比亚迪,电动车/动力电池,2020-09-30,2020-10-30,105022633000,11.9384155475,3413570000,116.83,20.748947515,28663476000,32892862000,38907717000,9176983000,159.81,5.112320881046228,19.166510230899192,8.941868468806714,2.559156244206462,14.75936692301758,4.65125615522477,2020-11-02,2020-11-06,2020-11-27,138939359000,3453724000,https://datacenter-web.eastmoney.com/api/data/v1/get?reportName=RPT_LICO_FN_CPD&columns=ALL&filter=%28SECURITY_CODE%3D%22002594%22%29&pageNumber=1&pageSize=500,https://datacenter-web.eastmoney.com/api/data/v1/get?reportName=RPT_DMSK_FN_CASHFLOW&columns=ALL&filter=%28SECURITY_CODE%3D%22002594%22%29&pageNumber=1&pageSize=500,https://datacenter-web.eastmoney.com/api/data/v1/get?reportName=RPT_DMSK_FN_BALANCE&columns=ALL&filter=%28SECURITY_CODE%3D%22002594%22%29&pageNumber=1&pageSize=500,https://push2his.eastmoney.com/api/qt/stock/kline/get?secid=0.002594&klt=101&fqt=0&beg=20190101&end=20260722&lmt=5000&fields1=f1%2Cf2%2Cf3%2Cf4%2Cf5%2Cf6&fields2=f51%2Cf52%2Cf53%2Cf54%2Cf55%2Cf56%2Cf57%2Cf58%2Cf59%2Cf60%2Cf61,https://push2his.eastmoney.com/api/qt/stock/kline/get?secid=0.399808&klt=101&fqt=0&beg=20190101&end=20260722&lmt=5000&fields1=f1%2Cf2%2Cf3%2Cf4%2Cf5%2Cf6&fields2=f51%2Cf52%2Cf53%2Cf54%2Cf55%2Cf56%2Cf57%2Cf58%2Cf59%2Cf60%2Cf61
002594,比亚迪,电动车/动力电池,2020-12-31,2021-03-30,156597691000,22.5923764595,4234267000,162.27,19.3785175287,45392668000,31396358000,41216427000,11774094000,169.0,-2.6568047337278133,1.1775147928994034,-2.071005917159763,-2.081795313063761,0.28185388097912156,-7.297380985197899,2021-03-31,2021-04-07,2021-04-28,156597691000,4234267000,https://datacenter-web.eastmoney.com/api/data/v1/get?reportName=RPT_LICO_FN_CPD&columns=ALL&filter=%28SECURITY_CODE%3D%22002594%22%29&pageNumber=1&pageSize=500,https://datacenter-web.eastmoney.com/api/data/v1/get?reportName=RPT_DMSK_FN_CASHFLOW&columns=ALL&filter=%28SECURITY_CODE%3D%22002594%22%29&pageNumber=1&pageSize=500,https://datacenter-web.eastmoney.com/api/data/v1/get?reportName=RPT_DMSK_FN_BALANCE&columns=ALL&filter=%28SECURITY_CODE%3D%22002594%22%29&pageNumber=1&pageSize=500,https://push2his.eastmoney.com/api/qt/stock/kline/get?secid=0.002594&klt=101&fqt=0&beg=20190101&end=20260722&lmt=5000&fields1=f1%2Cf2%2Cf3%2Cf4%2Cf5%2Cf6&fields2=f51%2Cf52%2Cf53%2Cf54%2Cf55%2Cf56%2Cf57%2Cf58%2Cf59%2Cf60%2Cf61,https://push2his.eastmoney.com/api/qt/stock/kline/get?secid=0.399808&klt=101&fqt=0&beg=20190101&end=20260722&lmt=5000&fields1=f1%2Cf2%2Cf3%2Cf4%2Cf5%2Cf6&fields2=f51%2Cf52%2Cf53%2Cf54%2Cf55%2Cf56%2Cf57%2Cf58%2Cf59%2Cf60%2Cf61
002594,比亚迪,电动车/动力电池,2021-03-31,2021-04-29,40991873000,108.3074701368,237356000,110.73,12.5949916951,141856000,35813906000,36994803000,4207848000,162.95,-2.687941086222767,-10.058300092052775,16.2687941086223,-5.236973030248704,-9.155973247746374,4.252780704515624,2021-04-30,2021-05-11,2021-06-01,177911022000,4358987000,https://datacenter-web.eastmoney.com/api/data/v1/get?reportName=RPT_LICO_FN_CPD&columns=ALL&filter=%28SECURITY_CODE%3D%22002594%22%29&pageNumber=1&pageSize=500,https://datacenter-web.eastmoney.com/api/data/v1/get?reportName=RPT_DMSK_FN_CASHFLOW&columns=ALL&filter=%28SECURITY_CODE%3D%22002594%22%29&pageNumber=1&pageSize=500,https://datacenter-web.eastmoney.com/api/data/v1/get?reportName=RPT_DMSK_FN_BALANCE&columns=ALL&filter=%28SECURITY_CODE%3D%22002594%22%29&pageNumber=1&pageSize=500,https://push2his.eastmoney.com/api/qt/stock/kline/get?secid=0.002594&klt=101&fqt=0&beg=20190101&end=20260722&lmt=5000&fields1=f1%2Cf2%2Cf3%2Cf4%2Cf5%2Cf6&fields2=f51%2Cf52%2Cf53%2Cf54%2Cf55%2Cf56%2Cf57%2Cf58%2Cf59%2Cf60%2Cf61,https://push2his.eastmoney.com/api/qt/stock/kline/get?secid=0.399808&klt=101&fqt=0&beg=20190101&end=20260722&lmt=5000&fields1=f1%2Cf2%2Cf3%2Cf4%2Cf5%2Cf6&fields2=f51%2Cf52%2Cf53%2Cf54%2Cf55%2Cf56%2Cf57%2Cf58%2Cf59%2Cf60%2Cf61
002594,比亚迪,电动车/动力电池,2021-06-30,2021-08-28,90885400000,50.2163876672,1173571000,-29.41,12.763856461,9676845000,39686413000,37982499000,10407215000,288.15,-2.144716293597071,-11.813291688356742,-14.329342356411578,-5.5482334228978525,-8.02762452775465,-9.170422325468596,2021-08-30,2021-09-03,2021-09-28,186980105000,3745408000,https://datacenter-web.eastmoney.com/api/data/v1/get?reportName=RPT_LICO_FN_CPD&columns=ALL&filter=%28SECURITY_CODE%3D%22002594%22%29&pageNumber=1&pageSize=500,https://datacenter-web.eastmoney.com/api/data/v1/get?reportName=RPT_DMSK_FN_CASHFLOW&columns=ALL&filter=%28SECURITY_CODE%3D%22002594%22%29&pageNumber=1&pageSize=500,https://datacenter-web.eastmoney.com/api/data/v1/get?reportName=RPT_DMSK_FN_BALANCE&columns=ALL&filter=%28SECURITY_CODE%3D%22002594%22%29&pageNumber=1&pageSize=500,https://push2his.eastmoney.com/api/qt/stock/kline/get?secid=0.002594&klt=101&fqt=0&beg=20190101&end=20260722&lmt=5000&fields1=f1%2Cf2%2Cf3%2Cf4%2Cf5%2Cf6&fields2=f51%2Cf52%2Cf53%2Cf54%2Cf55%2Cf56%2Cf57%2Cf58%2Cf59%2Cf60%2Cf61,https://push2his.eastmoney.com/api/qt/stock/kline/get?secid=0.399808&klt=101&fqt=0&beg=20190101&end=20260722&lmt=5000&fields1=f1%2Cf2%2Cf3%2Cf4%2Cf5%2Cf6&fields2=f51%2Cf52%2Cf53%2Cf54%2Cf55%2Cf56%2Cf57%2Cf58%2Cf59%2Cf60%2Cf61
002594,比亚迪,电动车/动力电池,2021-09-30,2021-10-29,145192358000,38.2486363677,2443112000,-28.43,12.9749383917,31873711000,40699200000,37198579000,20719095000,311.31,-2.990588159712182,0.8640904564581886,-4.384696925893794,-1.9900868234734803,4.8917547427646095,-2.239214675959922,2021-11-01,2021-11-05,2021-11-26,196767416000,3263809000,https://datacenter-web.eastmoney.com/api/data/v1/get?reportName=RPT_LICO_FN_CPD&columns=ALL&filter=%28SECURITY_CODE%3D%22002594%22%29&pageNumber=1&pageSize=500,https://datacenter-web.eastmoney.com/api/data/v1/get?reportName=RPT_DMSK_FN_CASHFLOW&columns=ALL&filter=%28SECURITY_CODE%3D%22002594%22%29&pageNumber=1&pageSize=500,https://datacenter-web.eastmoney.com/api/data/v1/get?reportName=RPT_DMSK_FN_BALANCE&columns=ALL&filter=%28SECURITY_CODE%3D%22002594%22%29&pageNumber=1&pageSize=500,https://push2his.eastmoney.com/api/qt/stock/kline/get?secid=0.002594&klt=101&fqt=0&beg=20190101&end=20260722&lmt=5000&fields1=f1%2Cf2%2Cf3%2Cf4%2Cf5%2Cf6&fields2=f51%2Cf52%2Cf53%2Cf54%2Cf55%2Cf56%2Cf57%2Cf58%2Cf59%2Cf60%2Cf61,https://push2his.eastmoney.com/api/qt/stock/kline/get?secid=0.399808&klt=101&fqt=0&beg=20190101&end=20260722&lmt=5000&fields1=f1%2Cf2%2Cf3%2Cf4%2Cf5%2Cf6&fields2=f51%2Cf52%2Cf53%2Cf54%2Cf55%2Cf56%2Cf57%2Cf58%2Cf59%2Cf60%2Cf61
002594,比亚迪,电动车/动力电池,2021-12-31,2022-03-30,216142395000,38.0239987063,3045188000,-28.08,13.0213723226,65466682000,43354782000,36251280000,37343609000,237.02,-3.0461564424943077,2.9364610581385397,2.522993840182264,0.12999971044833636,10.417727953602595,19.882549698083285,2022-03-31,2022-04-08,2022-04-29,216142395000,3045188000,https://datacenter-web.eastmoney.com/api/data/v1/get?reportName=RPT_LICO_FN_CPD&columns=ALL&filter=%28SECURITY_CODE%3D%22002594%22%29&pageNumber=1&pageSize=500,https://datacenter-web.eastmoney.com/api/data/v1/get?reportName=RPT_DMSK_FN_CASHFLOW&columns=ALL&filter=%28SECURITY_CODE%3D%22002594%22%29&pageNumber=1&pageSize=500,https://datacenter-web.eastmoney.com/api/data/v1/get?reportName=RPT_DMSK_FN_BALANCE&columns=ALL&filter=%28SECURITY_CODE%3D%22002594%22%29&pageNumber=1&pageSize=500,https://push2his.eastmoney.com/api/qt/stock/kline/get?secid=0.002594&klt=101&fqt=0&beg=20190101&end=20260722&lmt=5000&fields1=f1%2Cf2%2Cf3%2Cf4%2Cf5%2Cf6&fields2=f51%2Cf52%2Cf53%2Cf54%2Cf55%2Cf56%2Cf57%2Cf58%2Cf59%2Cf60%2Cf61,https://push2his.eastmoney.com/api/qt/stock/kline/get?secid=0.399808&klt=101&fqt=0&beg=20190101&end=20260722&lmt=5000&fields1=f1%2Cf2%2Cf3%2Cf4%2Cf5%2Cf6&fields2=f51%2Cf52%2Cf53%2Cf54%2Cf55%2Cf56%2Cf57%2Cf58%2Cf59%2Cf60%2Cf61
002594,比亚迪,电动车/动力电池,2022-03-31,2022-04-28,66825185000,63.0205699554,808408000,240.59,12.4014920423,11933340000,53433422000,34994831000,13454362000,231.98,4.7504095180619155,0.5819467195447903,27.55841020777654,0.3316049711294067,-5.516686045797559,9.03458581388934,2022-04-29,2022-05-10,2022-05-31,241975707000,3616240000,https://datacenter-web.eastmoney.com/api/data/v1/get?reportName=RPT_LICO_FN_CPD&columns=ALL&filter=%28SECURITY_CODE%3D%22002594%22%29&pageNumber=1&pageSize=500,https://datacenter-web.eastmoney.com/api/data/v1/get?reportName=RPT_DMSK_FN_CASHFLOW&columns=ALL&filter=%28SECURITY_CODE%3D%22002594%22%29&pageNumber=1&pageSize=500,https://datacenter-web.eastmoney.com/api/data/v1/get?reportName=RPT_DMSK_FN_BALANCE&columns=ALL&filter=%28SECURITY_CODE%3D%22002594%22%29&pageNumber=1&pageSize=500,https://push2his.eastmoney.com/api/qt/stock/kline/get?secid=0.002594&klt=101&fqt=0&beg=20190101&end=20260722&lmt=5000&fields1=f1%2Cf2%2Cf3%2Cf4%2Cf5%2Cf6&fields2=f51%2Cf52%2Cf53%2Cf54%2Cf55%2Cf56%2Cf57%2Cf58%2Cf59%2Cf60%2Cf61,https://push2his.eastmoney.com/api/qt/stock/kline/get?secid=0.399808&klt=101&fqt=0&beg=20190101&end=20260722&lmt=5000&fields1=f1%2Cf2%2Cf3%2Cf4%2Cf5%2Cf6&fields2=f51%2Cf52%2Cf53%2Cf54%2Cf55%2Cf56%2Cf57%2Cf58%2Cf59%2Cf60%2Cf61
002594,比亚迪,电动车/动力电池,2022-06-30,2022-08-30,150607252000,65.7111615287,3595279000,206.35,13.5065036576,43185167000,57235044000,37163395000,36128310000,310.85,-7.357246260254147,-12.19559272961236,-14.550426250603188,-3.062019798612503,-9.337218079903364,-1.8319284900705002,2022-08-31,2022-09-06,2022-09-28,275864247000,5466896000,https://datacenter-web.eastmoney.com/api/data/v1/get?reportName=RPT_LICO_FN_CPD&columns=ALL&filter=%28SECURITY_CODE%3D%22002594%22%29&pageNumber=1&pageSize=500,https://datacenter-web.eastmoney.com/api/data/v1/get?reportName=RPT_DMSK_FN_CASHFLOW&columns=ALL&filter=%28SECURITY_CODE%3D%22002594%22%29&pageNumber=1&pageSize=500,https://datacenter-web.eastmoney.com/api/data/v1/get?reportName=RPT_DMSK_FN_BALANCE&columns=ALL&filter=%28SECURITY_CODE%3D%22002594%22%29&pageNumber=1&pageSize=500,https://push2his.eastmoney.com/api/qt/stock/kline/get?secid=0.002594&klt=101&fqt=0&beg=20190101&end=20260722&lmt=5000&fields1=f1%2Cf2%2Cf3%2Cf4%2Cf5%2Cf6&fields2=f51%2Cf52%2Cf53%2Cf54%2Cf55%2Cf56%2Cf57%2Cf58%2Cf59%2Cf60%2Cf61,https://push2his.eastmoney.com/api/qt/stock/kline/get?secid=0.399808&klt=101&fqt=0&beg=20190101&end=20260722&lmt=5000&fields1=f1%2Cf2%2Cf3%2Cf4%2Cf5%2Cf6&fields2=f51%2Cf52%2Cf53%2Cf54%2Cf55%2Cf56%2Cf57%2Cf58%2Cf59%2Cf60%2Cf61
002594,比亚迪,电动车/动力电池,2022-09-30,2022-10-29,267687847000,84.3677247807,9311467000,281.13,15.8919803333,91036733000,73434508000,36968493000,64278202000,239.89,2.8262953853849693,16.803534953520362,2.150985868523092,3.3946719419941207,6.415096703777401,2.903299361039935,2022-10-31,2022-11-04,2022-11-25,338637884000,9913543000,https://datacenter-web.eastmoney.com/api/data/v1/get?reportName=RPT_LICO_FN_CPD&columns=ALL&filter=%28SECURITY_CODE%3D%22002594%22%29&pageNumber=1&pageSize=500,https://datacenter-web.eastmoney.com/api/data/v1/get?reportName=RPT_DMSK_FN_CASHFLOW&columns=ALL&filter=%28SECURITY_CODE%3D%22002594%22%29&pageNumber=1&pageSize=500,https://datacenter-web.eastmoney.com/api/data/v1/get?reportName=RPT_DMSK_FN_BALANCE&columns=ALL&filter=%28SECURITY_CODE%3D%22002594%22%29&pageNumber=1&pageSize=500,https://push2his.eastmoney.com/api/qt/stock/kline/get?secid=0.002594&klt=101&fqt=0&beg=20190101&end=20260722&lmt=5000&fields1=f1%2Cf2%2Cf3%2Cf4%2Cf5%2Cf6&fields2=f51%2Cf52%2Cf53%2Cf54%2Cf55%2Cf56%2Cf57%2Cf58%2Cf59%2Cf60%2Cf61,https://push2his.eastmoney.com/api/qt/stock/kline/get?secid=0.399808&klt=101&fqt=0&beg=20190101&end=20260722&lmt=5000&fields1=f1%2Cf2%2Cf3%2Cf4%2Cf5%2Cf6&fields2=f51%2Cf52%2Cf53%2Cf54%2Cf55%2Cf56%2Cf57%2Cf58%2Cf59%2Cf60%2Cf61
002594,比亚迪,电动车/动力电池,2022-12-31,2023-03-29,424060635000,96.1950292075,16622448000,445.86,17.0364681456,140837657000,79107199000,38828494000,97456862000,247.7,3.83528461849012,0.928542591844983,4.529672991522005,2.9984301286993587,1.4788550681246182,7.8973323291228965,2023-03-30,2023-04-06,2023-04-27,424060635000,16622448000,https://datacenter-web.eastmoney.com/api/data/v1/get?reportName=RPT_LICO_FN_CPD&columns=ALL&filter=%28SECURITY_CODE%3D%22002594%22%29&pageNumber=1&pageSize=500,https://datacenter-web.eastmoney.com/api/data/v1/get?reportName=RPT_DMSK_FN_CASHFLOW&columns=ALL&filter=%28SECURITY_CODE%3D%22002594%22%29&pageNumber=1&pageSize=500,https://datacenter-web.eastmoney.com/api/data/v1/get?reportName=RPT_DMSK_FN_BALANCE&columns=ALL&filter=%28SECURITY_CODE%3D%22002594%22%29&pageNumber=1&pageSize=500,https://push2his.eastmoney.com/api/qt/stock/kline/get?secid=0.002594&klt=101&fqt=0&beg=20190101&end=20260722&lmt=5000&fields1=f1%2Cf2%2Cf3%2Cf4%2Cf5%2Cf6&fields2=f51%2Cf52%2Cf53%2Cf54%2Cf55%2Cf56%2Cf57%2Cf58%2Cf59%2Cf60%2Cf61,https://push2his.eastmoney.com/api/qt/stock/kline/get?secid=0.399808&klt=101&fqt=0&beg=20190101&end=20260722&lmt=5000&fields1=f1%2Cf2%2Cf3%2Cf4%2Cf5%2Cf6&fields2=f51%2Cf52%2Cf53%2Cf54%2Cf55%2Cf56%2Cf57%2Cf58%2Cf59%2Cf60%2Cf61
002594,比亚迪,电动车/动力电池,2023-03-31,2023-04-28,120173608000,79.8328100401,4130063000,410.89,17.8633340192,14465699000,88278571000,39030536000,32357737000,255.86,-1.3054013913859186,1.5359962479480904,-0.8598452278589908,-0.643300257908308,2.9563843512095067,5.497643267722063,2023-05-04,2023-05-10,2023-05-31,477409058000,19944103000,https://datacenter-web.eastmoney.com/api/data/v1/get?reportName=RPT_LICO_FN_CPD&columns=ALL&filter=%28SECURITY_CODE%3D%22002594%22%29&pageNumber=1&pageSize=500,https://datacenter-web.eastmoney.com/api/data/v1/get?reportName=RPT_DMSK_FN_CASHFLOW&columns=ALL&filter=%28SECURITY_CODE%3D%22002594%22%29&pageNumber=1&pageSize=500,https://datacenter-web.eastmoney.com/api/data/v1/get?reportName=RPT_DMSK_FN_BALANCE&columns=ALL&filter=%28SECURITY_CODE%3D%22002594%22%29&pageNumber=1&pageSize=500,https://push2his.eastmoney.com/api/qt/stock/kline/get?secid=0.002594&klt=101&fqt=0&beg=20190101&end=20260722&lmt=5000&fields1=f1%2Cf2%2Cf3%2Cf4%2Cf5%2Cf6&fields2=f51%2Cf52%2Cf53%2Cf54%2Cf55%2Cf56%2Cf57%2Cf58%2Cf59%2Cf60%2Cf61,https://push2his.eastmoney.com/api/qt/stock/kline/get?secid=0.399808&klt=101&fqt=0&beg=20190101&end=20260722&lmt=5000&fields1=f1%2Cf2%2Cf3%2Cf4%2Cf5%2Cf6&fields2=f51%2Cf52%2Cf53%2Cf54%2Cf55%2Cf56%2Cf57%2Cf58%2Cf59%2Cf60%2Cf61
002594,比亚迪,电动车/动力电池,2023-06-30,2023-08-29,260124143000,72.7168775379,10954145000,204.68,18.3268598025,81971177000,86900482000,49058860000,65936866000,246.71,1.2524826719630289,0.9403753394673808,-3.327793765960041,1.5324501394304857,1.1695107248527736,5.848179081887805,2023-08-30,2023-09-05,2023-09-26,533577526000,23981314000,https://datacenter-web.eastmoney.com/api/data/v1/get?reportName=RPT_LICO_FN_CPD&columns=ALL&filter=%28SECURITY_CODE%3D%22002594%22%29&pageNumber=1&pageSize=500,https://datacenter-web.eastmoney.com/api/data/v1/get?reportName=RPT_DMSK_FN_CASHFLOW&columns=ALL&filter=%28SECURITY_CODE%3D%22002594%22%29&pageNumber=1&pageSize=500,https://datacenter-web.eastmoney.com/api/data/v1/get?reportName=RPT_DMSK_FN_BALANCE&columns=ALL&filter=%28SECURITY_CODE%3D%22002594%22%29&pageNumber=1&pageSize=500,https://push2his.eastmoney.com/api/qt/stock/kline/get?secid=0.002594&klt=101&fqt=0&beg=20190101&end=20260722&lmt=5000&fields1=f1%2Cf2%2Cf3%2Cf4%2Cf5%2Cf6&fields2=f51%2Cf52%2Cf53%2Cf54%2Cf55%2Cf56%2Cf57%2Cf58%2Cf59%2Cf60%2Cf61,https://push2his.eastmoney.com/api/qt/stock/kline/get?secid=0.399808&klt=101&fqt=0&beg=20190101&end=20260722&lmt=5000&fields1=f1%2Cf2%2Cf3%2Cf4%2Cf5%2Cf6&fields2=f51%2Cf52%2Cf53%2Cf54%2Cf55%2Cf56%2Cf57%2Cf58%2Cf59%2Cf60%2Cf61
002594,比亚迪,电动车/动力电池,2023-09-30,2023-10-31,422274838000,57.7489761797,21366896000,129.47,19.7852586708,97860288000,92711639000,52970472000,100966754000,238.54,-0.9809675526117223,1.018697073866015,-12.002179927894696,-0.06841833234965122,-0.20307774760626174,-6.792062244194652,2023-11-01,2023-11-07,2023-11-28,578647626000,28677877000,https://datacenter-web.eastmoney.com/api/data/v1/get?reportName=RPT_LICO_FN_CPD&columns=ALL&filter=%28SECURITY_CODE%3D%22002594%22%29&pageNumber=1&pageSize=500,https://datacenter-web.eastmoney.com/api/data/v1/get?reportName=RPT_DMSK_FN_CASHFLOW&columns=ALL&filter=%28SECURITY_CODE%3D%22002594%22%29&pageNumber=1&pageSize=500,https://datacenter-web.eastmoney.com/api/data/v1/get?reportName=RPT_DMSK_FN_BALANCE&columns=ALL&filter=%28SECURITY_CODE%3D%22002594%22%29&pageNumber=1&pageSize=500,https://push2his.eastmoney.com/api/qt/stock/kline/get?secid=0.002594&klt=101&fqt=0&beg=20190101&end=20260722&lmt=5000&fields1=f1%2Cf2%2Cf3%2Cf4%2Cf5%2Cf6&fields2=f51%2Cf52%2Cf53%2Cf54%2Cf55%2Cf56%2Cf57%2Cf58%2Cf59%2Cf60%2Cf61,https://push2his.eastmoney.com/api/qt/stock/kline/get?secid=0.399808&klt=101&fqt=0&beg=20190101&end=20260722&lmt=5000&fields1=f1%2Cf2%2Cf3%2Cf4%2Cf5%2Cf6&fields2=f51%2Cf52%2Cf53%2Cf54%2Cf55%2Cf56%2Cf57%2Cf58%2Cf59%2Cf60%2Cf61
002594,比亚迪,电动车/动力电池,2023-12-31,2024-03-27,602315354000,42.0351959809,30040811000,80.72,18.5810320552,169725025000,87676748000,61866019000,122093509000,211.98,-1.698273422020946,-1.8020567978111135,3.486177941315227,-2.4734321258308545,-6.889130108407815,6.185400267495577,2024-03-28,2024-04-03,2024-04-26,602315354000,30040811000,https://datacenter-web.eastmoney.com/api/data/v1/get?reportName=RPT_LICO_FN_CPD&columns=ALL&filter=%28SECURITY_CODE%3D%22002594%22%29&pageNumber=1&pageSize=500,https://datacenter-web.eastmoney.com/api/data/v1/get?reportName=RPT_DMSK_FN_CASHFLOW&columns=ALL&filter=%28SECURITY_CODE%3D%22002594%22%29&pageNumber=1&pageSize=500,https://datacenter-web.eastmoney.com/api/data/v1/get?reportName=RPT_DMSK_FN_BALANCE&columns=ALL&filter=%28SECURITY_CODE%3D%22002594%22%29&pageNumber=1&pageSize=500,https://push2his.eastmoney.com/api/qt/stock/kline/get?secid=0.002594&klt=101&fqt=0&beg=20190101&end=20260722&lmt=5000&fields1=f1%2Cf2%2Cf3%2Cf4%2Cf5%2Cf6&fields2=f51%2Cf52%2Cf53%2Cf54%2Cf55%2Cf56%2Cf57%2Cf58%2Cf59%2Cf60%2Cf61,https://push2his.eastmoney.com/api/qt/stock/kline/get?secid=0.399808&klt=101&fqt=0&beg=20190101&end=20260722&lmt=5000&fields1=f1%2Cf2%2Cf3%2Cf4%2Cf5%2Cf6&fields2=f51%2Cf52%2Cf53%2Cf54%2Cf55%2Cf56%2Cf57%2Cf58%2Cf59%2Cf60%2Cf61
300750,宁德时代,动力电池,2020-09-30,2020-10-28,31522480929.97,-4.0578205331,3356875043.55,-3.1,27.4059238667,10305924782.09,9346975874.54,8988062513.02,8050755719.05,240.26,-0.10821609922583297,6.363939066011826,2.4806459668692327,-0.4675775706324381,4.652874095139015,-2.3885968942365166,2020-10-29,2020-11-04,2020-11-25,44454795036.3,4452877208.700001,https://datacenter-web.eastmoney.com/api/data/v1/get?reportName=RPT_LICO_FN_CPD&columns=ALL&filter=%28SECURITY_CODE%3D%22300750%22%29&pageNumber=1&pageSize=500,https://datacenter-web.eastmoney.com/api/data/v1/get?reportName=RPT_DMSK_FN_CASHFLOW&columns=ALL&filter=%28SECURITY_CODE%3D%22300750%22%29&pageNumber=1&pageSize=500,https://datacenter-web.eastmoney.com/api/data/v1/get?reportName=RPT_DMSK_FN_BALANCE&columns=ALL&filter=%28SECURITY_CODE%3D%22300750%22%29&pageNumber=1&pageSize=500,https://push2his.eastmoney.com/api/qt/stock/kline/get?secid=0.300750&klt=101&fqt=0&beg=20190101&end=20260722&lmt=5000&fields1=f1%2Cf2%2Cf3%2Cf4%2Cf5%2Cf6&fields2=f51%2Cf52%2Cf53%2Cf54%2Cf55%2Cf56%2Cf57%2Cf58%2Cf59%2Cf60%2Cf61,https://push2his.eastmoney.com/api/qt/stock/kline/get?secid=0.399808&klt=101&fqt=0&beg=20190101&end=20260722&lmt=5000&fields1=f1%2Cf2%2Cf3%2Cf4%2Cf5%2Cf6&fields2=f51%2Cf52%2Cf53%2Cf54%2Cf55%2Cf56%2Cf57%2Cf58%2Cf59%2Cf60%2Cf61
300750,宁德时代,动力电池,2020-12-31,2021-04-28,50319487700,9.8966214176,5583338700,22.43,27.7632677488,18429902600,13224641000,11293523700,13302355800,367.03,3.531046508459812,0.32149960493692564,18.273710595864113,3.3937708662651334,-0.43782701493222387,4.734154321140416,2021-04-29,2021-05-10,2021-05-31,50319487700,5583338700,https://datacenter-web.eastmoney.com/api/data/v1/get?reportName=RPT_LICO_FN_CPD&columns=ALL&filter=%28SECURITY_CODE%3D%22300750%22%29&pageNumber=1&pageSize=500,https://datacenter-web.eastmoney.com/api/data/v1/get?reportName=RPT_DMSK_FN_CASHFLOW&columns=ALL&filter=%28SECURITY_CODE%3D%22300750%22%29&pageNumber=1&pageSize=500,https://datacenter-web.eastmoney.com/api/data/v1/get?reportName=RPT_DMSK_FN_BALANCE&columns=ALL&filter=%28SECURITY_CODE%3D%22300750%22%29&pageNumber=1&pageSize=500,https://push2his.eastmoney.com/api/qt/stock/kline/get?secid=0.300750&klt=101&fqt=0&beg=20190101&end=20260722&lmt=5000&fields1=f1%2Cf2%2Cf3%2Cf4%2Cf5%2Cf6&fields2=f51%2Cf52%2Cf53%2Cf54%2Cf55%2Cf56%2Cf57%2Cf58%2Cf59%2Cf60%2Cf61,https://push2his.eastmoney.com/api/qt/stock/kline/get?secid=0.399808&klt=101&fqt=0&beg=20190101&end=20260722&lmt=5000&fields1=f1%2Cf2%2Cf3%2Cf4%2Cf5%2Cf6&fields2=f51%2Cf52%2Cf53%2Cf54%2Cf55%2Cf56%2Cf57%2Cf58%2Cf59%2Cf60%2Cf61
300750,宁德时代,动力电池,2021-03-31,2021-04-30,19166685200,112.2369870098,1954417200,163.38,27.2795235349,10966870600,17194779915.91,12260857992.64,8903269600,388.17,-1.0742715820387994,-6.87070098152871,9.359301337043036,-0.6277031840988934,-3.4537907957007286,0.8770849628684463,2021-05-06,2021-05-12,2021-06-02,60455378847.54,6795712716.8,https://datacenter-web.eastmoney.com/api/data/v1/get?reportName=RPT_LICO_FN_CPD&columns=ALL&filter=%28SECURITY_CODE%3D%22300750%22%29&pageNumber=1&pageSize=500,https://datacenter-web.eastmoney.com/api/data/v1/get?reportName=RPT_DMSK_FN_CASHFLOW&columns=ALL&filter=%28SECURITY_CODE%3D%22300750%22%29&pageNumber=1&pageSize=500,https://datacenter-web.eastmoney.com/api/data/v1/get?reportName=RPT_DMSK_FN_BALANCE&columns=ALL&filter=%28SECURITY_CODE%3D%22300750%22%29&pageNumber=1&pageSize=500,https://push2his.eastmoney.com/api/qt/stock/kline/get?secid=0.300750&klt=101&fqt=0&beg=20190101&end=20260722&lmt=5000&fields1=f1%2Cf2%2Cf3%2Cf4%2Cf5%2Cf6&fields2=f51%2Cf52%2Cf53%2Cf54%2Cf55%2Cf56%2Cf57%2Cf58%2Cf59%2Cf60%2Cf61,https://push2his.eastmoney.com/api/qt/stock/kline/get?secid=0.399808&klt=101&fqt=0&beg=20190101&end=20260722&lmt=5000&fields1=f1%2Cf2%2Cf3%2Cf4%2Cf5%2Cf6&fields2=f51%2Cf52%2Cf53%2Cf54%2Cf55%2Cf56%2Cf57%2Cf58%2Cf59%2Cf60%2Cf61
300750,宁德时代,动力电池,2021-06-30,2021-08-26,44074560600,134.0724411312,4483787600,131.45,27.2556893057,25742059700,24165705805.13,13981824366.21,20090694900,521.0,-2.591170825335898,-5.2783109404990425,-1.4395393474088247,-4.674710368045975,-6.971953379895002,0.342540017738846,2021-08-27,2021-09-02,2021-09-27,75564595167.03,8129845209.5,https://datacenter-web.eastmoney.com/api/data/v1/get?reportName=RPT_LICO_FN_CPD&columns=ALL&filter=%28SECURITY_CODE%3D%22300750%22%29&pageNumber=1&pageSize=500,https://datacenter-web.eastmoney.com/api/data/v1/get?reportName=RPT_DMSK_FN_CASHFLOW&columns=ALL&filter=%28SECURITY_CODE%3D%22300750%22%29&pageNumber=1&pageSize=500,https://datacenter-web.eastmoney.com/api/data/v1/get?reportName=RPT_DMSK_FN_BALANCE&columns=ALL&filter=%28SECURITY_CODE%3D%22300750%22%29&pageNumber=1&pageSize=500,https://push2his.eastmoney.com/api/qt/stock/kline/get?secid=0.300750&klt=101&fqt=0&beg=20190101&end=20260722&lmt=5000&fields1=f1%2Cf2%2Cf3%2Cf4%2Cf5%2Cf6&fields2=f51%2Cf52%2Cf53%2Cf54%2Cf55%2Cf56%2Cf57%2Cf58%2Cf59%2Cf60%2Cf61,https://push2his.eastmoney.com/api/qt/stock/kline/get?secid=0.399808&klt=101&fqt=0&beg=20190101&end=20260722&lmt=5000&fields1=f1%2Cf2%2Cf3%2Cf4%2Cf5%2Cf6&fields2=f51%2Cf52%2Cf53%2Cf54%2Cf55%2Cf56%2Cf57%2Cf58%2Cf59%2Cf60%2Cf61
300750,宁德时代,动力电池,2021-09-30,2021-10-28,73361545500,132.727702058,7751145700,130.9,27.5110256504,28686238600,34961665056.94,14340032235.16,30667430400,607.2,5.2733860342556005,6.529973649538867,7.707509881422925,2.9836857485730395,6.384002984998838,9.059807960384381,2021-10-29,2021-11-04,2021-11-25,92158552270.03,9977609356.45,https://datacenter-web.eastmoney.com/api/data/v1/get?reportName=RPT_LICO_FN_CPD&columns=ALL&filter=%28SECURITY_CODE%3D%22300750%22%29&pageNumber=1&pageSize=500,https://datacenter-web.eastmoney.com/api/data/v1/get?reportName=RPT_DMSK_FN_CASHFLOW&columns=ALL&filter=%28SECURITY_CODE%3D%22300750%22%29&pageNumber=1&pageSize=500,https://datacenter-web.eastmoney.com/api/data/v1/get?reportName=RPT_DMSK_FN_BALANCE&columns=ALL&filter=%28SECURITY_CODE%3D%22300750%22%29&pageNumber=1&pageSize=500,https://push2his.eastmoney.com/api/qt/stock/kline/get?secid=0.300750&klt=101&fqt=0&beg=20190101&end=20260722&lmt=5000&fields1=f1%2Cf2%2Cf3%2Cf4%2Cf5%2Cf6&fields2=f51%2Cf52%2Cf53%2Cf54%2Cf55%2Cf56%2Cf57%2Cf58%2Cf59%2Cf60%2Cf61,https://push2his.eastmoney.com/api/qt/stock/kline/get?secid=0.399808&klt=101&fqt=0&beg=20190101&end=20260722&lmt=5000&fields1=f1%2Cf2%2Cf3%2Cf4%2Cf5%2Cf6&fields2=f51%2Cf52%2Cf53%2Cf54%2Cf55%2Cf56%2Cf57%2Cf58%2Cf59%2Cf60%2Cf61
300750,宁德时代,动力电池,2021-12-31,2022-04-22,130355796400,159.0562868548,15931317900,185.34,26.283506408,42908008700,40199691900,23753548200,43767770800,415.34,-6.076949005633924,-1.4421919391341964,-3.9389415900226266,1.3034737219010606,-5.410150807501446,-18.46707534475861,2022-04-25,2022-04-29,2022-05-25,130355796400,15931317900,https://datacenter-web.eastmoney.com/api/data/v1/get?reportName=RPT_LICO_FN_CPD&columns=ALL&filter=%28SECURITY_CODE%3D%22300750%22%29&pageNumber=1&pageSize=500,https://datacenter-web.eastmoney.com/api/data/v1/get?reportName=RPT_DMSK_FN_CASHFLOW&columns=ALL&filter=%28SECURITY_CODE%3D%22300750%22%29&pageNumber=1&pageSize=500,https://datacenter-web.eastmoney.com/api/data/v1/get?reportName=RPT_DMSK_FN_BALANCE&columns=ALL&filter=%28SECURITY_CODE%3D%22300750%22%29&pageNumber=1&pageSize=500,https://push2his.eastmoney.com/api/qt/stock/kline/get?secid=0.300750&klt=101&fqt=0&beg=20190101&end=20260722&lmt=5000&fields1=f1%2Cf2%2Cf3%2Cf4%2Cf5%2Cf6&fields2=f51%2Cf52%2Cf53%2Cf54%2Cf55%2Cf56%2Cf57%2Cf58%2Cf59%2Cf60%2Cf61,https://push2his.eastmoney.com/api/qt/stock/kline/get?secid=0.399808&klt=101&fqt=0&beg=20190101&end=20260722&lmt=5000&fields1=f1%2Cf2%2Cf3%2Cf4%2Cf5%2Cf6&fields2=f51%2Cf52%2Cf53%2Cf54%2Cf55%2Cf56%2Cf57%2Cf58%2Cf59%2Cf60%2Cf61
300750,宁德时代,动力电池,2022-03-31,2022-04-30,48678419100,153.97,1492804600,-23.62,14.4845396181,7075886400,61578271700,24877828400,11607436800,409.35,-8.147062416025408,0.09771589104676792,3.8304629290338177,-7.972561178176507,-5.724336009197706,-10.201163108030741,2022-05-05,2022-05-11,2022-06-01,159867530300,15469705300,https://datacenter-web.eastmoney.com/api/data/v1/get?reportName=RPT_LICO_FN_CPD&columns=ALL&filter=%28SECURITY_CODE%3D%22300750%22%29&pageNumber=1&pageSize=500,https://datacenter-web.eastmoney.com/api/data/v1/get?reportName=RPT_DMSK_FN_CASHFLOW&columns=ALL&filter=%28SECURITY_CODE%3D%22300750%22%29&pageNumber=1&pageSize=500,https://datacenter-web.eastmoney.com/api/data/v1/get?reportName=RPT_DMSK_FN_BALANCE&columns=ALL&filter=%28SECURITY_CODE%3D%22300750%22%29&pageNumber=1&pageSize=500,https://push2his.eastmoney.com/api/qt/stock/kline/get?secid=0.300750&klt=101&fqt=0&beg=20190101&end=20260722&lmt=5000&fields1=f1%2Cf2%2Cf3%2Cf4%2Cf5%2Cf6&fields2=f51%2Cf52%2Cf53%2Cf54%2Cf55%2Cf56%2Cf57%2Cf58%2Cf59%2Cf60%2Cf61,https://push2his.eastmoney.com/api/qt/stock/kline/get?secid=0.399808&klt=101&fqt=0&beg=20190101&end=20260722&lmt=5000&fields1=f1%2Cf2%2Cf3%2Cf4%2Cf5%2Cf6&fields2=f51%2Cf52%2Cf53%2Cf54%2Cf55%2Cf56%2Cf57%2Cf58%2Cf59%2Cf60%2Cf61
300750,宁德时代,动力电池,2022-06-30,2022-08-24,112971257900,156.318511999,8168034600,82.17,18.675464089,18682343000,75505395700,37454291700,24699849700,524.0,-1.9083969465648831,-7.82442748091603,-20.80343511450381,0.13702820999396126,-0.09185215717634199,-7.871859181154461,2022-08-25,2022-08-31,2022-09-22,199252493700,19615564900,https://datacenter-web.eastmoney.com/api/data/v1/get?reportName=RPT_LICO_FN_CPD&columns=ALL&filter=%28SECURITY_CODE%3D%22300750%22%29&pageNumber=1&pageSize=500,https://datacenter-web.eastmoney.com/api/data/v1/get?reportName=RPT_DMSK_FN_CASHFLOW&columns=ALL&filter=%28SECURITY_CODE%3D%22300750%22%29&pageNumber=1&pageSize=500,https://datacenter-web.eastmoney.com/api/data/v1/get?reportName=RPT_DMSK_FN_BALANCE&columns=ALL&filter=%28SECURITY_CODE%3D%22300750%22%29&pageNumber=1&pageSize=500,https://push2his.eastmoney.com/api/qt/stock/kline/get?secid=0.300750&klt=101&fqt=0&beg=20190101&end=20260722&lmt=5000&fields1=f1%2Cf2%2Cf3%2Cf4%2Cf5%2Cf6&fields2=f51%2Cf52%2Cf53%2Cf54%2Cf55%2Cf56%2Cf57%2Cf58%2Cf59%2Cf60%2Cf61,https://push2his.eastmoney.com/api/qt/stock/kline/get?secid=0.399808&klt=101&fqt=0&beg=20190101&end=20260722&lmt=5000&fields1=f1%2Cf2%2Cf3%2Cf4%2Cf5%2Cf6&fields2=f51%2Cf52%2Cf53%2Cf54%2Cf55%2Cf56%2Cf57%2Cf58%2Cf59%2Cf60%2Cf61
300750,宁德时代,动力电池,2022-09-30,2022-10-22,210340240500,186.7172972794,17591591700,126.95,18.9499569865,25967948600,79025040400,54126365500,35722696500,413.0,-2.1743341404358407,-11.501210653753024,-7.799031476997575,-0.4929875294215069,-7.391921754639297,-4.93890724522974,2022-10-24,2022-10-28,2022-11-18,267334491400,25771763900,https://datacenter-web.eastmoney.com/api/data/v1/get?reportName=RPT_LICO_FN_CPD&columns=ALL&filter=%28SECURITY_CODE%3D%22300750%22%29&pageNumber=1&pageSize=500,https://datacenter-web.eastmoney.com/api/data/v1/get?reportName=RPT_DMSK_FN_CASHFLOW&columns=ALL&filter=%28SECURITY_CODE%3D%22300750%22%29&pageNumber=1&pageSize=500,https://datacenter-web.eastmoney.com/api/data/v1/get?reportName=RPT_DMSK_FN_BALANCE&columns=ALL&filter=%28SECURITY_CODE%3D%22300750%22%29&pageNumber=1&pageSize=500,https://push2his.eastmoney.com/api/qt/stock/kline/get?secid=0.300750&klt=101&fqt=0&beg=20190101&end=20260722&lmt=5000&fields1=f1%2Cf2%2Cf3%2Cf4%2Cf5%2Cf6&fields2=f51%2Cf52%2Cf53%2Cf54%2Cf55%2Cf56%2Cf57%2Cf58%2Cf59%2Cf60%2Cf61,https://push2his.eastmoney.com/api/qt/stock/kline/get?secid=0.399808&klt=101&fqt=0&beg=20190101&end=20260722&lmt=5000&fields1=f1%2Cf2%2Cf3%2Cf4%2Cf5%2Cf6&fields2=f51%2Cf52%2Cf53%2Cf54%2Cf55%2Cf56%2Cf57%2Cf58%2Cf59%2Cf60%2Cf61
300750,宁德时代,动力电池,2022-12-31,2023-03-10,328593987500,152.0747036762,30729163500,92.89,20.2512464718,61208843300,76668898800,57966516900,48215268100,405.79,-3.398309470415739,-7.3461642721604825,-0.9315163015352845,-2.222181324295691,-0.9564440990916578,1.7375881249392822,2023-03-13,2023-03-17,2023-04-10,328593987500,30729163500,https://datacenter-web.eastmoney.com/api/data/v1/get?reportName=RPT_LICO_FN_CPD&columns=ALL&filter=%28SECURITY_CODE%3D%22300750%22%29&pageNumber=1&pageSize=500,https://datacenter-web.eastmoney.com/api/data/v1/get?reportName=RPT_DMSK_FN_CASHFLOW&columns=ALL&filter=%28SECURITY_CODE%3D%22300750%22%29&pageNumber=1&pageSize=500,https://datacenter-web.eastmoney.com/api/data/v1/get?reportName=RPT_DMSK_FN_BALANCE&columns=ALL&filter=%28SECURITY_CODE%3D%22300750%22%29&pageNumber=1&pageSize=500,https://push2his.eastmoney.com/api/qt/stock/kline/get?secid=0.300750&klt=101&fqt=0&beg=20190101&end=20260722&lmt=5000&fields1=f1%2Cf2%2Cf3%2Cf4%2Cf5%2Cf6&fields2=f51%2Cf52%2Cf53%2Cf54%2Cf55%2Cf56%2Cf57%2Cf58%2Cf59%2Cf60%2Cf61,https://push2his.eastmoney.com/api/qt/stock/kline/get?secid=0.399808&klt=101&fqt=0&beg=20190101&end=20260722&lmt=5000&fields1=f1%2Cf2%2Cf3%2Cf4%2Cf5%2Cf6&fields2=f51%2Cf52%2Cf53%2Cf54%2Cf55%2Cf56%2Cf57%2Cf58%2Cf59%2Cf60%2Cf61
300750,宁德时代,动力电池,2023-03-31,2023-04-21,89038465300,82.9115795998,9822265100,557.97,21.2688454773,20966278500,64037677300,48606965200,10465642800,404.99,-2.0025185807057033,-42.998592557840944,-44.38134274920369,0.2625143628605331,-41.82245515842949,-42.626414235440315,2023-04-24,2023-04-28,2023-05-24,368954033700,39058624000,https://datacenter-web.eastmoney.com/api/data/v1/get?reportName=RPT_LICO_FN_CPD&columns=ALL&filter=%28SECURITY_CODE%3D%22300750%22%29&pageNumber=1&pageSize=500,https://datacenter-web.eastmoney.com/api/data/v1/get?reportName=RPT_DMSK_FN_CASHFLOW&columns=ALL&filter=%28SECURITY_CODE%3D%22300750%22%29&pageNumber=1&pageSize=500,https://datacenter-web.eastmoney.com/api/data/v1/get?reportName=RPT_DMSK_FN_BALANCE&columns=ALL&filter=%28SECURITY_CODE%3D%22300750%22%29&pageNumber=1&pageSize=500,https://push2his.eastmoney.com/api/qt/stock/kline/get?secid=0.300750&klt=101&fqt=0&beg=20190101&end=20260722&lmt=5000&fields1=f1%2Cf2%2Cf3%2Cf4%2Cf5%2Cf6&fields2=f51%2Cf52%2Cf53%2Cf54%2Cf55%2Cf56%2Cf57%2Cf58%2Cf59%2Cf60%2Cf61,https://push2his.eastmoney.com/api/qt/stock/kline/get?secid=0.399808&klt=101&fqt=0&beg=20190101&end=20260722&lmt=5000&fields1=f1%2Cf2%2Cf3%2Cf4%2Cf5%2Cf6&fields2=f51%2Cf52%2Cf53%2Cf54%2Cf55%2Cf56%2Cf57%2Cf58%2Cf59%2Cf60%2Cf61
300750,宁德时代,动力电池,2023-06-30,2023-07-26,189246041300,67.5169815915,20717264500,153.64,21.6332700641,37070369800,48910488200,61516723600,18452610700,226.66,0.1411806229594914,4.3413041560045995,0.3705991352686899,0.8098236687846816,4.010033339420249,11.486296275500674,2023-07-27,2023-08-02,2023-08-23,404868770900,43278393400,https://datacenter-web.eastmoney.com/api/data/v1/get?reportName=RPT_LICO_FN_CPD&columns=ALL&filter=%28SECURITY_CODE%3D%22300750%22%29&pageNumber=1&pageSize=500,https://datacenter-web.eastmoney.com/api/data/v1/get?reportName=RPT_DMSK_FN_CASHFLOW&columns=ALL&filter=%28SECURITY_CODE%3D%22300750%22%29&pageNumber=1&pageSize=500,https://datacenter-web.eastmoney.com/api/data/v1/get?reportName=RPT_DMSK_FN_BALANCE&columns=ALL&filter=%28SECURITY_CODE%3D%22300750%22%29&pageNumber=1&pageSize=500,https://push2his.eastmoney.com/api/qt/stock/kline/get?secid=0.300750&klt=101&fqt=0&beg=20190101&end=20260722&lmt=5000&fields1=f1%2Cf2%2Cf3%2Cf4%2Cf5%2Cf6&fields2=f51%2Cf52%2Cf53%2Cf54%2Cf55%2Cf56%2Cf57%2Cf58%2Cf59%2Cf60%2Cf61,https://push2his.eastmoney.com/api/qt/stock/kline/get?secid=0.399808&klt=101&fqt=0&beg=20190101&end=20260722&lmt=5000&fields1=f1%2Cf2%2Cf3%2Cf4%2Cf5%2Cf6&fields2=f51%2Cf52%2Cf53%2Cf54%2Cf55%2Cf56%2Cf57%2Cf58%2Cf59%2Cf60%2Cf61
300750,宁德时代,动力电池,2023-09-30,2023-10-20,294677250600,40.0955185273,31145473600,77.05,21.9159138917,52653692300,48884011700,68726798500,26917282900,181.0,-2.0662983425414394,2.055248618784522,-0.1491712707182402,1.1145387943513163,2.265771210158396,0.44038043999894416,2023-10-23,2023-10-27,2023-11-17,412930997600,44283045400,https://datacenter-web.eastmoney.com/api/data/v1/get?reportName=RPT_LICO_FN_CPD&columns=ALL&filter=%28SECURITY_CODE%3D%22300750%22%29&pageNumber=1&pageSize=500,https://datacenter-web.eastmoney.com/api/data/v1/get?reportName=RPT_DMSK_FN_CASHFLOW&columns=ALL&filter=%28SECURITY_CODE%3D%22300750%22%29&pageNumber=1&pageSize=500,https://datacenter-web.eastmoney.com/api/data/v1/get?reportName=RPT_DMSK_FN_BALANCE&columns=ALL&filter=%28SECURITY_CODE%3D%22300750%22%29&pageNumber=1&pageSize=500,https://push2his.eastmoney.com/api/qt/stock/kline/get?secid=0.300750&klt=101&fqt=0&beg=20190101&end=20260722&lmt=5000&fields1=f1%2Cf2%2Cf3%2Cf4%2Cf5%2Cf6&fields2=f51%2Cf52%2Cf53%2Cf54%2Cf55%2Cf56%2Cf57%2Cf58%2Cf59%2Cf60%2Cf61,https://push2his.eastmoney.com/api/qt/stock/kline/get?secid=0.399808&klt=101&fqt=0&beg=20190101&end=20260722&lmt=5000&fields1=f1%2Cf2%2Cf3%2Cf4%2Cf5%2Cf6&fields2=f51%2Cf52%2Cf53%2Cf54%2Cf55%2Cf56%2Cf57%2Cf58%2Cf59%2Cf60%2Cf61
300750,宁德时代,动力电池,2023-12-31,2024-03-16,400917045000,22.0098541821,44121248000,43.58,19.1897341257,92826124000,45433890000,64020533000,33624897000,181.0,5.502762430939234,3.0441988950276277,8.922651933701653,3.1592174374517112,5.638701678941516,15.299174498433011,2024-03-18,2024-03-22,2024-04-16,400917045000,44121248000,https://datacenter-web.eastmoney.com/api/data/v1/get?reportName=RPT_LICO_FN_CPD&columns=ALL&filter=%28SECURITY_CODE%3D%22300750%22%29&pageNumber=1&pageSize=500,https://datacenter-web.eastmoney.com/api/data/v1/get?reportName=RPT_DMSK_FN_CASHFLOW&columns=ALL&filter=%28SECURITY_CODE%3D%22300750%22%29&pageNumber=1&pageSize=500,https://datacenter-web.eastmoney.com/api/data/v1/get?reportName=RPT_DMSK_FN_BALANCE&columns=ALL&filter=%28SECURITY_CODE%3D%22300750%22%29&pageNumber=1&pageSize=500,https://push2his.eastmoney.com/api/qt/stock/kline/get?secid=0.300750&klt=101&fqt=0&beg=20190101&end=20260722&lmt=5000&fields1=f1%2Cf2%2Cf3%2Cf4%2Cf5%2Cf6&fields2=f51%2Cf52%2Cf53%2Cf54%2Cf55%2Cf56%2Cf57%2Cf58%2Cf59%2Cf60%2Cf61,https://push2his.eastmoney.com/api/qt/stock/kline/get?secid=0.399808&klt=101&fqt=0&beg=20190101&end=20260722&lmt=5000&fields1=f1%2Cf2%2Cf3%2Cf4%2Cf5%2Cf6&fields2=f51%2Cf52%2Cf53%2Cf54%2Cf55%2Cf56%2Cf57%2Cf58%2Cf59%2Cf60%2Cf61
002709,天赐材料,电解液/六氟磷酸锂,2020-09-30,2020-10-27,2695561133.69,37.2441989519,518373889.44,475.85,41.2725250511,487119023.95,566175167.16,1252022751.13,199822463.47,57.21,9.998252053836731,10.889704597098394,46.12829924838313,8.42028889005475,7.057508342199292,37.91785292730863,2020-10-28,2020-11-03,2020-11-24,3486088776.6999993,444674290.17999995,https://datacenter-web.eastmoney.com/api/data/v1/get?reportName=RPT_LICO_FN_CPD&columns=ALL&filter=%28SECURITY_CODE%3D%22002709%22%29&pageNumber=1&pageSize=500,https://datacenter-web.eastmoney.com/api/data/v1/get?reportName=RPT_DMSK_FN_CASHFLOW&columns=ALL&filter=%28SECURITY_CODE%3D%22002709%22%29&pageNumber=1&pageSize=500,https://datacenter-web.eastmoney.com/api/data/v1/get?reportName=RPT_DMSK_FN_BALANCE&columns=ALL&filter=%28SECURITY_CODE%3D%22002709%22%29&pageNumber=1&pageSize=500,https://push2his.eastmoney.com/api/qt/stock/kline/get?secid=0.002709&klt=101&fqt=0&beg=20190101&end=20260722&lmt=5000&fields1=f1%2Cf2%2Cf3%2Cf4%2Cf5%2Cf6&fields2=f51%2Cf52%2Cf53%2Cf54%2Cf55%2Cf56%2Cf57%2Cf58%2Cf59%2Cf60%2Cf61,https://push2his.eastmoney.com/api/qt/stock/kline/get?secid=0.399808&klt=101&fqt=0&beg=20190101&end=20260722&lmt=5000&fields1=f1%2Cf2%2Cf3%2Cf4%2Cf5%2Cf6&fields2=f51%2Cf52%2Cf53%2Cf54%2Cf55%2Cf56%2Cf57%2Cf58%2Cf59%2Cf60%2Cf61
002709,天赐材料,电解液/六氟磷酸锂,2020-12-31,2021-03-25,4119046395.55,49.5339399602,532871488.05,3165.21,34.9729975527,632457691.55,549624015.08,1342932603.24,357150206.68,77.72,6.150283067421514,9.328358208955233,35.65362840967576,1.3291207060026622,2.4019833102207233,24.334827985008033,2021-03-26,2021-04-01,2021-04-23,4119046395.55,532871488.05,https://datacenter-web.eastmoney.com/api/data/v1/get?reportName=RPT_LICO_FN_CPD&columns=ALL&filter=%28SECURITY_CODE%3D%22002709%22%29&pageNumber=1&pageSize=500,https://datacenter-web.eastmoney.com/api/data/v1/get?reportName=RPT_DMSK_FN_CASHFLOW&columns=ALL&filter=%28SECURITY_CODE%3D%22002709%22%29&pageNumber=1&pageSize=500,https://datacenter-web.eastmoney.com/api/data/v1/get?reportName=RPT_DMSK_FN_BALANCE&columns=ALL&filter=%28SECURITY_CODE%3D%22002709%22%29&pageNumber=1&pageSize=500,https://push2his.eastmoney.com/api/qt/stock/kline/get?secid=0.002709&klt=101&fqt=0&beg=20190101&end=20260722&lmt=5000&fields1=f1%2Cf2%2Cf3%2Cf4%2Cf5%2Cf6&fields2=f51%2Cf52%2Cf53%2Cf54%2Cf55%2Cf56%2Cf57%2Cf58%2Cf59%2Cf60%2Cf61,https://push2his.eastmoney.com/api/qt/stock/kline/get?secid=0.399808&klt=101&fqt=0&beg=20190101&end=20260722&lmt=5000&fields1=f1%2Cf2%2Cf3%2Cf4%2Cf5%2Cf6&fields2=f51%2Cf52%2Cf53%2Cf54%2Cf55%2Cf56%2Cf57%2Cf58%2Cf59%2Cf60%2Cf61
002709,天赐材料,电解液/六氟磷酸锂,2021-03-31,2021-04-20,1561681383.49,197.4742712243,286855117.1,591.15,34.3336642953,215406891.93,623687648.39,1800446410.59,203614897.7,100.04,0.6597361055577844,-37.55497800879649,-22.481007596961224,1.0754615177429483,-36.96460072028373,-28.745885037198583,2021-04-21,2021-04-27,2021-05-21,5155747458.2,778222487.71,https://datacenter-web.eastmoney.com/api/data/v1/get?reportName=RPT_LICO_FN_CPD&columns=ALL&filter=%28SECURITY_CODE%3D%22002709%22%29&pageNumber=1&pageSize=500,https://datacenter-web.eastmoney.com/api/data/v1/get?reportName=RPT_DMSK_FN_CASHFLOW&columns=ALL&filter=%28SECURITY_CODE%3D%22002709%22%29&pageNumber=1&pageSize=500,https://datacenter-web.eastmoney.com/api/data/v1/get?reportName=RPT_DMSK_FN_BALANCE&columns=ALL&filter=%28SECURITY_CODE%3D%22002709%22%29&pageNumber=1&pageSize=500,https://push2his.eastmoney.com/api/qt/stock/kline/get?secid=0.002709&klt=101&fqt=0&beg=20190101&end=20260722&lmt=5000&fields1=f1%2Cf2%2Cf3%2Cf4%2Cf5%2Cf6&fields2=f51%2Cf52%2Cf53%2Cf54%2Cf55%2Cf56%2Cf57%2Cf58%2Cf59%2Cf60%2Cf61,https://push2his.eastmoney.com/api/qt/stock/kline/get?secid=0.399808&klt=101&fqt=0&beg=20190101&end=20260722&lmt=5000&fields1=f1%2Cf2%2Cf3%2Cf4%2Cf5%2Cf6&fields2=f51%2Cf52%2Cf53%2Cf54%2Cf55%2Cf56%2Cf57%2Cf58%2Cf59%2Cf60%2Cf61
002709,天赐材料,电解液/六氟磷酸锂,2021-06-30,2021-08-24,3699446314.8,132.2687323732,782700199.19,151.13,35.3969088485,718783070.04,654973472.86,2097792127.84,428271069.57,140.84,-1.2354444760011463,-3.287418347060489,2.939505822209587,-3.40727594291681,-8.186143303885373,3.5524948787554633,2021-08-25,2021-08-31,2021-09-23,6225748703.440001,1003896266.97,https://datacenter-web.eastmoney.com/api/data/v1/get?reportName=RPT_LICO_FN_CPD&columns=ALL&filter=%28SECURITY_CODE%3D%22002709%22%29&pageNumber=1&pageSize=500,https://datacenter-web.eastmoney.com/api/data/v1/get?reportName=RPT_DMSK_FN_CASHFLOW&columns=ALL&filter=%28SECURITY_CODE%3D%22002709%22%29&pageNumber=1&pageSize=500,https://datacenter-web.eastmoney.com/api/data/v1/get?reportName=RPT_DMSK_FN_BALANCE&columns=ALL&filter=%28SECURITY_CODE%3D%22002709%22%29&pageNumber=1&pageSize=500,https://push2his.eastmoney.com/api/qt/stock/kline/get?secid=0.002709&klt=101&fqt=0&beg=20190101&end=20260722&lmt=5000&fields1=f1%2Cf2%2Cf3%2Cf4%2Cf5%2Cf6&fields2=f51%2Cf52%2Cf53%2Cf54%2Cf55%2Cf56%2Cf57%2Cf58%2Cf59%2Cf60%2Cf61,https://push2his.eastmoney.com/api/qt/stock/kline/get?secid=0.399808&klt=101&fqt=0&beg=20190101&end=20260722&lmt=5000&fields1=f1%2Cf2%2Cf3%2Cf4%2Cf5%2Cf6&fields2=f51%2Cf52%2Cf53%2Cf54%2Cf55%2Cf56%2Cf57%2Cf58%2Cf59%2Cf60%2Cf61
002709,天赐材料,电解液/六氟磷酸锂,2021-09-30,2021-10-27,6623025300.84,145.7011721257,1553688755.13,199.72,38.9620683166,988982638.89,723751146.21,2664528955.02,898518384.48,162.1,0.6600863664404599,-8.821714990746443,-19.173349784083893,1.9440003709088494,-5.668532211377553,-17.793969339357762,2021-10-28,2021-11-03,2021-11-24,8046510562.699999,1568186353.74,https://datacenter-web.eastmoney.com/api/data/v1/get?reportName=RPT_LICO_FN_CPD&columns=ALL&filter=%28SECURITY_CODE%3D%22002709%22%29&pageNumber=1&pageSize=500,https://datacenter-web.eastmoney.com/api/data/v1/get?reportName=RPT_DMSK_FN_CASHFLOW&columns=ALL&filter=%28SECURITY_CODE%3D%22002709%22%29&pageNumber=1&pageSize=500,https://datacenter-web.eastmoney.com/api/data/v1/get?reportName=RPT_DMSK_FN_BALANCE&columns=ALL&filter=%28SECURITY_CODE%3D%22002709%22%29&pageNumber=1&pageSize=500,https://push2his.eastmoney.com/api/qt/stock/kline/get?secid=0.002709&klt=101&fqt=0&beg=20190101&end=20260722&lmt=5000&fields1=f1%2Cf2%2Cf3%2Cf4%2Cf5%2Cf6&fields2=f51%2Cf52%2Cf53%2Cf54%2Cf55%2Cf56%2Cf57%2Cf58%2Cf59%2Cf60%2Cf61,https://push2his.eastmoney.com/api/qt/stock/kline/get?secid=0.399808&klt=101&fqt=0&beg=20190101&end=20260722&lmt=5000&fields1=f1%2Cf2%2Cf3%2Cf4%2Cf5%2Cf6&fields2=f51%2Cf52%2Cf53%2Cf54%2Cf55%2Cf56%2Cf57%2Cf58%2Cf59%2Cf60%2Cf61
002709,天赐材料,电解液/六氟磷酸锂,2021-12-31,2022-03-22,11090801692.82,169.2565372607,2208337176.26,314.42,34.9823742055,2046599671.85,1251640153.37,3385530015.39,1610174220.45,103.48,-1.8940858136838101,-7.2284499420177895,-25.918051797448793,-2.119817190845208,-1.8263956115000646,-4.629058139425579,2022-03-23,2022-03-29,2022-04-21,11090801692.82,2208337176.26,https://datacenter-web.eastmoney.com/api/data/v1/get?reportName=RPT_LICO_FN_CPD&columns=ALL&filter=%28SECURITY_CODE%3D%22002709%22%29&pageNumber=1&pageSize=500,https://datacenter-web.eastmoney.com/api/data/v1/get?reportName=RPT_DMSK_FN_CASHFLOW&columns=ALL&filter=%28SECURITY_CODE%3D%22002709%22%29&pageNumber=1&pageSize=500,https://datacenter-web.eastmoney.com/api/data/v1/get?reportName=RPT_DMSK_FN_BALANCE&columns=ALL&filter=%28SECURITY_CODE%3D%22002709%22%29&pageNumber=1&pageSize=500,https://push2his.eastmoney.com/api/qt/stock/kline/get?secid=0.002709&klt=101&fqt=0&beg=20190101&end=20260722&lmt=5000&fields1=f1%2Cf2%2Cf3%2Cf4%2Cf5%2Cf6&fields2=f51%2Cf52%2Cf53%2Cf54%2Cf55%2Cf56%2Cf57%2Cf58%2Cf59%2Cf60%2Cf61,https://push2his.eastmoney.com/api/qt/stock/kline/get?secid=0.399808&klt=101&fqt=0&beg=20190101&end=20260722&lmt=5000&fields1=f1%2Cf2%2Cf3%2Cf4%2Cf5%2Cf6&fields2=f51%2Cf52%2Cf53%2Cf54%2Cf55%2Cf56%2Cf57%2Cf58%2Cf59%2Cf60%2Cf61
002709,天赐材料,电解液/六氟磷酸锂,2022-03-31,2022-04-15,5149060455.78,229.7126104092,1497921285.53,422.19,44.0404400023,567330812.03,1746100120.06,3597843641.77,539931814.38,81.55,1.1036174126302978,-9.270386266094421,-50.01839362354383,-1.3244787453435158,-2.2725803468461203,-55.30386260830451,2022-04-18,2022-04-22,2022-05-18,14678180765.109999,3419403344.69,https://datacenter-web.eastmoney.com/api/data/v1/get?reportName=RPT_LICO_FN_CPD&columns=ALL&filter=%28SECURITY_CODE%3D%22002709%22%29&pageNumber=1&pageSize=500,https://datacenter-web.eastmoney.com/api/data/v1/get?reportName=RPT_DMSK_FN_CASHFLOW&columns=ALL&filter=%28SECURITY_CODE%3D%22002709%22%29&pageNumber=1&pageSize=500,https://datacenter-web.eastmoney.com/api/data/v1/get?reportName=RPT_DMSK_FN_BALANCE&columns=ALL&filter=%28SECURITY_CODE%3D%22002709%22%29&pageNumber=1&pageSize=500,https://push2his.eastmoney.com/api/qt/stock/kline/get?secid=0.002709&klt=101&fqt=0&beg=20190101&end=20260722&lmt=5000&fields1=f1%2Cf2%2Cf3%2Cf4%2Cf5%2Cf6&fields2=f51%2Cf52%2Cf53%2Cf54%2Cf55%2Cf56%2Cf57%2Cf58%2Cf59%2Cf60%2Cf61,https://push2his.eastmoney.com/api/qt/stock/kline/get?secid=0.399808&klt=101&fqt=0&beg=20190101&end=20260722&lmt=5000&fields1=f1%2Cf2%2Cf3%2Cf4%2Cf5%2Cf6&fields2=f51%2Cf52%2Cf53%2Cf54%2Cf55%2Cf56%2Cf57%2Cf58%2Cf59%2Cf60%2Cf61
002709,天赐材料,电解液/六氟磷酸锂,2022-06-30,2022-08-25,10363428083.48,180.1345715444,2906299614.51,271.32,43.0440032733,2426520600.71,1351622269.96,3639292507.08,1410126904.43,50.89,-1.1986637846335246,-7.683238357241118,-8.370996266457064,-0.6402086944179097,-0.8820615704912771,3.6564149441340232,2022-08-26,2022-09-01,2022-09-23,17754783461.5,4331936591.58,https://datacenter-web.eastmoney.com/api/data/v1/get?reportName=RPT_LICO_FN_CPD&columns=ALL&filter=%28SECURITY_CODE%3D%22002709%22%29&pageNumber=1&pageSize=500,https://datacenter-web.eastmoney.com/api/data/v1/get?reportName=RPT_DMSK_FN_CASHFLOW&columns=ALL&filter=%28SECURITY_CODE%3D%22002709%22%29&pageNumber=1&pageSize=500,https://datacenter-web.eastmoney.com/api/data/v1/get?reportName=RPT_DMSK_FN_BALANCE&columns=ALL&filter=%28SECURITY_CODE%3D%22002709%22%29&pageNumber=1&pageSize=500,https://push2his.eastmoney.com/api/qt/stock/kline/get?secid=0.002709&klt=101&fqt=0&beg=20190101&end=20260722&lmt=5000&fields1=f1%2Cf2%2Cf3%2Cf4%2Cf5%2Cf6&fields2=f51%2Cf52%2Cf53%2Cf54%2Cf55%2Cf56%2Cf57%2Cf58%2Cf59%2Cf60%2Cf61,https://push2his.eastmoney.com/api/qt/stock/kline/get?secid=0.399808&klt=101&fqt=0&beg=20190101&end=20260722&lmt=5000&fields1=f1%2Cf2%2Cf3%2Cf4%2Cf5%2Cf6&fields2=f51%2Cf52%2Cf53%2Cf54%2Cf55%2Cf56%2Cf57%2Cf58%2Cf59%2Cf60%2Cf61
002709,天赐材料,电解液/六氟磷酸锂,2022-09-30,2022-10-28,16428819562.39,148.0561196151,4360470307.68,180.65,40.5047285518,2342529634.11,1899442848.16,4610589640.49,2442478851.17,42.0,1.1904761904761862,13.357142857142845,4.9523809523809526,1.7588527470853377,2.9687046073998857,5.704694444897795,2022-10-31,2022-11-04,2022-11-25,20896595954.37,5015118728.81,https://datacenter-web.eastmoney.com/api/data/v1/get?reportName=RPT_LICO_FN_CPD&columns=ALL&filter=%28SECURITY_CODE%3D%22002709%22%29&pageNumber=1&pageSize=500,https://datacenter-web.eastmoney.com/api/data/v1/get?reportName=RPT_DMSK_FN_CASHFLOW&columns=ALL&filter=%28SECURITY_CODE%3D%22002709%22%29&pageNumber=1&pageSize=500,https://datacenter-web.eastmoney.com/api/data/v1/get?reportName=RPT_DMSK_FN_BALANCE&columns=ALL&filter=%28SECURITY_CODE%3D%22002709%22%29&pageNumber=1&pageSize=500,https://push2his.eastmoney.com/api/qt/stock/kline/get?secid=0.002709&klt=101&fqt=0&beg=20190101&end=20260722&lmt=5000&fields1=f1%2Cf2%2Cf3%2Cf4%2Cf5%2Cf6&fields2=f51%2Cf52%2Cf53%2Cf54%2Cf55%2Cf56%2Cf57%2Cf58%2Cf59%2Cf60%2Cf61,https://push2his.eastmoney.com/api/qt/stock/kline/get?secid=0.399808&klt=101&fqt=0&beg=20190101&end=20260722&lmt=5000&fields1=f1%2Cf2%2Cf3%2Cf4%2Cf5%2Cf6&fields2=f51%2Cf52%2Cf53%2Cf54%2Cf55%2Cf56%2Cf57%2Cf58%2Cf59%2Cf60%2Cf61
002709,天赐材料,电解液/六氟磷酸锂,2022-12-31,2023-04-11,22316935603.86,101.2202203409,5714438026.64,158.77,37.9691465349,4163859812.88,2373840301.23,4633709638.58,3681233288.95,42.8,-1.6588785046728782,4.228971962616823,4.20560747663552,0.09701241734922927,3.5985481656001905,11.107827841102203,2023-04-12,2023-04-18,2023-05-12,22316935603.86,5714438026.64,https://datacenter-web.eastmoney.com/api/data/v1/get?reportName=RPT_LICO_FN_CPD&columns=ALL&filter=%28SECURITY_CODE%3D%22002709%22%29&pageNumber=1&pageSize=500,https://datacenter-web.eastmoney.com/api/data/v1/get?reportName=RPT_DMSK_FN_CASHFLOW&columns=ALL&filter=%28SECURITY_CODE%3D%22002709%22%29&pageNumber=1&pageSize=500,https://datacenter-web.eastmoney.com/api/data/v1/get?reportName=RPT_DMSK_FN_BALANCE&columns=ALL&filter=%28SECURITY_CODE%3D%22002709%22%29&pageNumber=1&pageSize=500,https://push2his.eastmoney.com/api/qt/stock/kline/get?secid=0.002709&klt=101&fqt=0&beg=20190101&end=20260722&lmt=5000&fields1=f1%2Cf2%2Cf3%2Cf4%2Cf5%2Cf6&fields2=f51%2Cf52%2Cf53%2Cf54%2Cf55%2Cf56%2Cf57%2Cf58%2Cf59%2Cf60%2Cf61,https://push2his.eastmoney.com/api/qt/stock/kline/get?secid=0.399808&klt=101&fqt=0&beg=20190101&end=20260722&lmt=5000&fields1=f1%2Cf2%2Cf3%2Cf4%2Cf5%2Cf6&fields2=f51%2Cf52%2Cf53%2Cf54%2Cf55%2Cf56%2Cf57%2Cf58%2Cf59%2Cf60%2Cf61
002709,天赐材料,电解液/六氟磷酸锂,2023-03-31,2023-04-18,4313996360.31,-16.2177955113,694765271.75,-53.62,30.5295002779,-489551652.75,1632521368.45,5922381661.38,1039556251.95,44.61,-1.7933198834341968,-12.37390719569602,0.24658148397220803,-0.636465708436762,-2.2576328117084765,6.801158528538364,2023-04-19,2023-04-25,2023-05-19,21481871508.390003,4911282012.860001,https://datacenter-web.eastmoney.com/api/data/v1/get?reportName=RPT_LICO_FN_CPD&columns=ALL&filter=%28SECURITY_CODE%3D%22002709%22%29&pageNumber=1&pageSize=500,https://datacenter-web.eastmoney.com/api/data/v1/get?reportName=RPT_DMSK_FN_CASHFLOW&columns=ALL&filter=%28SECURITY_CODE%3D%22002709%22%29&pageNumber=1&pageSize=500,https://datacenter-web.eastmoney.com/api/data/v1/get?reportName=RPT_DMSK_FN_BALANCE&columns=ALL&filter=%28SECURITY_CODE%3D%22002709%22%29&pageNumber=1&pageSize=500,https://push2his.eastmoney.com/api/qt/stock/kline/get?secid=0.002709&klt=101&fqt=0&beg=20190101&end=20260722&lmt=5000&fields1=f1%2Cf2%2Cf3%2Cf4%2Cf5%2Cf6&fields2=f51%2Cf52%2Cf53%2Cf54%2Cf55%2Cf56%2Cf57%2Cf58%2Cf59%2Cf60%2Cf61,https://push2his.eastmoney.com/api/qt/stock/kline/get?secid=0.399808&klt=101&fqt=0&beg=20190101&end=20260722&lmt=5000&fields1=f1%2Cf2%2Cf3%2Cf4%2Cf5%2Cf6&fields2=f51%2Cf52%2Cf53%2Cf54%2Cf55%2Cf56%2Cf57%2Cf58%2Cf59%2Cf60%2Cf61
002709,天赐材料,电解液/六氟磷酸锂,2023-06-30,2023-08-15,7986601253.26,-22.9347549003,1288351358.13,-55.67,30.4302997411,661189023.57,1717313069.87,5306241142.83,2081367411.94,35.91,-0.30632135895293233,-5.875800612642712,-18.769145084934546,0.6946502051163206,-0.7160881360477434,-10.083883451292387,2023-08-16,2023-08-22,2023-09-12,19940108773.640003,4096489770.26,https://datacenter-web.eastmoney.com/api/data/v1/get?reportName=RPT_LICO_FN_CPD&columns=ALL&filter=%28SECURITY_CODE%3D%22002709%22%29&pageNumber=1&pageSize=500,https://datacenter-web.eastmoney.com/api/data/v1/get?reportName=RPT_DMSK_FN_CASHFLOW&columns=ALL&filter=%28SECURITY_CODE%3D%22002709%22%29&pageNumber=1&pageSize=500,https://datacenter-web.eastmoney.com/api/data/v1/get?reportName=RPT_DMSK_FN_BALANCE&columns=ALL&filter=%28SECURITY_CODE%3D%22002709%22%29&pageNumber=1&pageSize=500,https://push2his.eastmoney.com/api/qt/stock/kline/get?secid=0.002709&klt=101&fqt=0&beg=20190101&end=20260722&lmt=5000&fields1=f1%2Cf2%2Cf3%2Cf4%2Cf5%2Cf6&fields2=f51%2Cf52%2Cf53%2Cf54%2Cf55%2Cf56%2Cf57%2Cf58%2Cf59%2Cf60%2Cf61,https://push2his.eastmoney.com/api/qt/stock/kline/get?secid=0.399808&klt=101&fqt=0&beg=20190101&end=20260722&lmt=5000&fields1=f1%2Cf2%2Cf3%2Cf4%2Cf5%2Cf6&fields2=f51%2Cf52%2Cf53%2Cf54%2Cf55%2Cf56%2Cf57%2Cf58%2Cf59%2Cf60%2Cf61
002709,天赐材料,电解液/六氟磷酸锂,2023-09-30,2023-10-28,12124108248.03,-26.2021948565,1751716597.27,-59.83,28.346162031,1417316922.4,1770250069.15,5622294515.82,2711839807.33,27.02,4.737231680236875,0.5551443375277687,-5.440414507772018,3.747106341183226,2.47024352734464,-1.190498717178634,2023-10-30,2023-11-03,2023-11-24,18012224289.5,3105684316.2299995,https://datacenter-web.eastmoney.com/api/data/v1/get?reportName=RPT_LICO_FN_CPD&columns=ALL&filter=%28SECURITY_CODE%3D%22002709%22%29&pageNumber=1&pageSize=500,https://datacenter-web.eastmoney.com/api/data/v1/get?reportName=RPT_DMSK_FN_CASHFLOW&columns=ALL&filter=%28SECURITY_CODE%3D%22002709%22%29&pageNumber=1&pageSize=500,https://datacenter-web.eastmoney.com/api/data/v1/get?reportName=RPT_DMSK_FN_BALANCE&columns=ALL&filter=%28SECURITY_CODE%3D%22002709%22%29&pageNumber=1&pageSize=500,https://push2his.eastmoney.com/api/qt/stock/kline/get?secid=0.002709&klt=101&fqt=0&beg=20190101&end=20260722&lmt=5000&fields1=f1%2Cf2%2Cf3%2Cf4%2Cf5%2Cf6&fields2=f51%2Cf52%2Cf53%2Cf54%2Cf55%2Cf56%2Cf57%2Cf58%2Cf59%2Cf60%2Cf61,https://push2his.eastmoney.com/api/qt/stock/kline/get?secid=0.399808&klt=101&fqt=0&beg=20190101&end=20260722&lmt=5000&fields1=f1%2Cf2%2Cf3%2Cf4%2Cf5%2Cf6&fields2=f51%2Cf52%2Cf53%2Cf54%2Cf55%2Cf56%2Cf57%2Cf58%2Cf59%2Cf60%2Cf61
002709,天赐材料,电解液/六氟磷酸锂,2023-12-31,2024-03-26,15404639485.24,-30.9733210747,1890621314.16,-66.92,25.9210256797,2274216054.11,1171852221.61,4294627333.11,3102491757.55,22.02,-1.180744777475018,11.035422343324242,-7.992733878292457,1.8904849333447271,8.560983419302914,-0.5664916611951898,2024-03-27,2024-04-02,2024-04-25,15404639485.24,1890621314.16,https://datacenter-web.eastmoney.com/api/data/v1/get?reportName=RPT_LICO_FN_CPD&columns=ALL&filter=%28SECURITY_CODE%3D%22002709%22%29&pageNumber=1&pageSize=500,https://datacenter-web.eastmoney.com/api/data/v1/get?reportName=RPT_DMSK_FN_CASHFLOW&columns=ALL&filter=%28SECURITY_CODE%3D%22002709%22%29&pageNumber=1&pageSize=500,https://datacenter-web.eastmoney.com/api/data/v1/get?reportName=RPT_DMSK_FN_BALANCE&columns=ALL&filter=%28SECURITY_CODE%3D%22002709%22%29&pageNumber=1&pageSize=500,https://push2his.eastmoney.com/api/qt/stock/kline/get?secid=0.002709&klt=101&fqt=0&beg=20190101&end=20260722&lmt=5000&fields1=f1%2Cf2%2Cf3%2Cf4%2Cf5%2Cf6&fields2=f51%2Cf52%2Cf53%2Cf54%2Cf55%2Cf56%2Cf57%2Cf58%2Cf59%2Cf60%2Cf61,https://push2his.eastmoney.com/api/qt/stock/kline/get?secid=0.399808&klt=101&fqt=0&beg=20190101&end=20260722&lmt=5000&fields1=f1%2Cf2%2Cf3%2Cf4%2Cf5%2Cf6&fields2=f51%2Cf52%2Cf53%2Cf54%2Cf55%2Cf56%2Cf57%2Cf58%2Cf59%2Cf60%2Cf61
002176,江特电机,锂资源,2020-09-30,2020-10-24,1403058595.35,-33.0503177456,21385946.33,229.99,15.1250994943,25100608.31,339965134.95,561531170.48,150407776.08,2.07,-1.449275362318836,-12.077294685990324,9.178743961352653,-3.905154213272699,-16.903059143880107,0.8440141565352777,2020-10-26,2020-10-30,2020-11-20,1901888224.2399998,-2009541196.2,https://datacenter-web.eastmoney.com/api/data/v1/get?reportName=RPT_LICO_FN_CPD&columns=ALL&filter=%28SECURITY_CODE%3D%22002176%22%29&pageNumber=1&pageSize=500,https://datacenter-web.eastmoney.com/api/data/v1/get?reportName=RPT_DMSK_FN_CASHFLOW&columns=ALL&filter=%28SECURITY_CODE%3D%22002176%22%29&pageNumber=1&pageSize=500,https://datacenter-web.eastmoney.com/api/data/v1/get?reportName=RPT_DMSK_FN_BALANCE&columns=ALL&filter=%28SECURITY_CODE%3D%22002176%22%29&pageNumber=1&pageSize=500,https://push2his.eastmoney.com/api/qt/stock/kline/get?secid=0.002176&klt=101&fqt=0&beg=20190101&end=20260722&lmt=5000&fields1=f1%2Cf2%2Cf3%2Cf4%2Cf5%2Cf6&fields2=f51%2Cf52%2Cf53%2Cf54%2Cf55%2Cf56%2Cf57%2Cf58%2Cf59%2Cf60%2Cf61,https://push2his.eastmoney.com/api/qt/stock/kline/get?secid=0.399808&klt=101&fqt=0&beg=20190101&end=20260722&lmt=5000&fields1=f1%2Cf2%2Cf3%2Cf4%2Cf5%2Cf6&fields2=f51%2Cf52%2Cf53%2Cf54%2Cf55%2Cf56%2Cf57%2Cf58%2Cf59%2Cf60%2Cf61
002176,江特电机,锂资源,2020-12-31,2021-03-18,1843984808.01,-28.9277314018,14326464.43,100.71,14.2512062534,306589452.74,414523408.27,506136662.27,184651364.89,6.3,2.539682539682553,-1.7460317460317398,20.158730158730176,5.667363903683775,4.724878049423442,22.755674441716145,2021-03-19,2021-03-25,2021-04-19,1843984808.01,14326464.43,https://datacenter-web.eastmoney.com/api/data/v1/get?reportName=RPT_LICO_FN_CPD&columns=ALL&filter=%28SECURITY_CODE%3D%22002176%22%29&pageNumber=1&pageSize=500,https://datacenter-web.eastmoney.com/api/data/v1/get?reportName=RPT_DMSK_FN_CASHFLOW&columns=ALL&filter=%28SECURITY_CODE%3D%22002176%22%29&pageNumber=1&pageSize=500,https://datacenter-web.eastmoney.com/api/data/v1/get?reportName=RPT_DMSK_FN_BALANCE&columns=ALL&filter=%28SECURITY_CODE%3D%22002176%22%29&pageNumber=1&pageSize=500,https://push2his.eastmoney.com/api/qt/stock/kline/get?secid=0.002176&klt=101&fqt=0&beg=20190101&end=20260722&lmt=5000&fields1=f1%2Cf2%2Cf3%2Cf4%2Cf5%2Cf6&fields2=f51%2Cf52%2Cf53%2Cf54%2Cf55%2Cf56%2Cf57%2Cf58%2Cf59%2Cf60%2Cf61,https://push2his.eastmoney.com/api/qt/stock/kline/get?secid=0.399808&klt=101&fqt=0&beg=20190101&end=20260722&lmt=5000&fields1=f1%2Cf2%2Cf3%2Cf4%2Cf5%2Cf6&fields2=f51%2Cf52%2Cf53%2Cf54%2Cf55%2Cf56%2Cf57%2Cf58%2Cf59%2Cf60%2Cf61
002176,江特电机,锂资源,2021-03-31,2021-04-13,536500848,62.5652941525,73174529.26,468.51,24.2143299613,-76856291.98,477630958.33,592212304.01,24012646.2,7.19,0.2781641168289273,-0.6954102920723293,20.723226703755216,-2.96248547152691,-8.834953655084899,11.756019685750797,2021-04-14,2021-04-20,2021-05-14,2050463894.1100001,107358113.57,https://datacenter-web.eastmoney.com/api/data/v1/get?reportName=RPT_LICO_FN_CPD&columns=ALL&filter=%28SECURITY_CODE%3D%22002176%22%29&pageNumber=1&pageSize=500,https://datacenter-web.eastmoney.com/api/data/v1/get?reportName=RPT_DMSK_FN_CASHFLOW&columns=ALL&filter=%28SECURITY_CODE%3D%22002176%22%29&pageNumber=1&pageSize=500,https://datacenter-web.eastmoney.com/api/data/v1/get?reportName=RPT_DMSK_FN_BALANCE&columns=ALL&filter=%28SECURITY_CODE%3D%22002176%22%29&pageNumber=1&pageSize=500,https://push2his.eastmoney.com/api/qt/stock/kline/get?secid=0.002176&klt=101&fqt=0&beg=20190101&end=20260722&lmt=5000&fields1=f1%2Cf2%2Cf3%2Cf4%2Cf5%2Cf6&fields2=f51%2Cf52%2Cf53%2Cf54%2Cf55%2Cf56%2Cf57%2Cf58%2Cf59%2Cf60%2Cf61,https://push2his.eastmoney.com/api/qt/stock/kline/get?secid=0.399808&klt=101&fqt=0&beg=20190101&end=20260722&lmt=5000&fields1=f1%2Cf2%2Cf3%2Cf4%2Cf5%2Cf6&fields2=f51%2Cf52%2Cf53%2Cf54%2Cf55%2Cf56%2Cf57%2Cf58%2Cf59%2Cf60%2Cf61
002176,江特电机,锂资源,2021-06-30,2021-08-12,1364805559.4,50.0194714506,181303585.09,6442.29,24.1452708131,57326661.55,491476330.11,602951050.52,38029800.06,22.18,2.7953110910730494,0.9918845807033394,11.992786293958524,3.9787626006292376,3.9188944211323906,9.370067374158243,2021-08-13,2021-08-19,2021-09-09,2299038089.12,192858793.27,https://datacenter-web.eastmoney.com/api/data/v1/get?reportName=RPT_LICO_FN_CPD&columns=ALL&filter=%28SECURITY_CODE%3D%22002176%22%29&pageNumber=1&pageSize=500,https://datacenter-web.eastmoney.com/api/data/v1/get?reportName=RPT_DMSK_FN_CASHFLOW&columns=ALL&filter=%28SECURITY_CODE%3D%22002176%22%29&pageNumber=1&pageSize=500,https://datacenter-web.eastmoney.com/api/data/v1/get?reportName=RPT_DMSK_FN_BALANCE&columns=ALL&filter=%28SECURITY_CODE%3D%22002176%22%29&pageNumber=1&pageSize=500,https://push2his.eastmoney.com/api/qt/stock/kline/get?secid=0.002176&klt=101&fqt=0&beg=20190101&end=20260722&lmt=5000&fields1=f1%2Cf2%2Cf3%2Cf4%2Cf5%2Cf6&fields2=f51%2Cf52%2Cf53%2Cf54%2Cf55%2Cf56%2Cf57%2Cf58%2Cf59%2Cf60%2Cf61,https://push2his.eastmoney.com/api/qt/stock/kline/get?secid=0.399808&klt=101&fqt=0&beg=20190101&end=20260722&lmt=5000&fields1=f1%2Cf2%2Cf3%2Cf4%2Cf5%2Cf6&fields2=f51%2Cf52%2Cf53%2Cf54%2Cf55%2Cf56%2Cf57%2Cf58%2Cf59%2Cf60%2Cf61
002176,江特电机,锂资源,2021-09-30,2021-10-14,2029621166.01,44.6569068987,249431526.59,1066.33,24.7233948992,134721596.94,547278340.13,587377324.56,57861405.56,20.07,-2.8898854010961705,15.396113602391637,0.0,-5.423906780940035,9.73467468263638,-9.142916168506932,2021-10-15,2021-10-21,2021-11-11,2470547378.67,242372044.69,https://datacenter-web.eastmoney.com/api/data/v1/get?reportName=RPT_LICO_FN_CPD&columns=ALL&filter=%28SECURITY_CODE%3D%22002176%22%29&pageNumber=1&pageSize=500,https://datacenter-web.eastmoney.com/api/data/v1/get?reportName=RPT_DMSK_FN_CASHFLOW&columns=ALL&filter=%28SECURITY_CODE%3D%22002176%22%29&pageNumber=1&pageSize=500,https://datacenter-web.eastmoney.com/api/data/v1/get?reportName=RPT_DMSK_FN_BALANCE&columns=ALL&filter=%28SECURITY_CODE%3D%22002176%22%29&pageNumber=1&pageSize=500,https://push2his.eastmoney.com/api/qt/stock/kline/get?secid=0.002176&klt=101&fqt=0&beg=20190101&end=20260722&lmt=5000&fields1=f1%2Cf2%2Cf3%2Cf4%2Cf5%2Cf6&fields2=f51%2Cf52%2Cf53%2Cf54%2Cf55%2Cf56%2Cf57%2Cf58%2Cf59%2Cf60%2Cf61,https://push2his.eastmoney.com/api/qt/stock/kline/get?secid=0.399808&klt=101&fqt=0&beg=20190101&end=20260722&lmt=5000&fields1=f1%2Cf2%2Cf3%2Cf4%2Cf5%2Cf6&fields2=f51%2Cf52%2Cf53%2Cf54%2Cf55%2Cf56%2Cf57%2Cf58%2Cf59%2Cf60%2Cf61
002176,江特电机,锂资源,2021-12-31,2022-04-29,2982277224.55,61.730032243,385769802.83,2592.71,30.2061430022,399256859.29,655664404.16,532539220.17,133583424.57,20.31,-0.3938946331856097,1.6248153618906969,4.775972427375685,-0.21939339533670887,-4.197236538353777,-9.255653609688874,2022-05-05,2022-05-11,2022-06-01,2982277224.55,385769802.83,https://datacenter-web.eastmoney.com/api/data/v1/get?reportName=RPT_LICO_FN_CPD&columns=ALL&filter=%28SECURITY_CODE%3D%22002176%22%29&pageNumber=1&pageSize=500,https://datacenter-web.eastmoney.com/api/data/v1/get?reportName=RPT_DMSK_FN_CASHFLOW&columns=ALL&filter=%28SECURITY_CODE%3D%22002176%22%29&pageNumber=1&pageSize=500,https://datacenter-web.eastmoney.com/api/data/v1/get?reportName=RPT_DMSK_FN_BALANCE&columns=ALL&filter=%28SECURITY_CODE%3D%22002176%22%29&pageNumber=1&pageSize=500,https://push2his.eastmoney.com/api/qt/stock/kline/get?secid=0.002176&klt=101&fqt=0&beg=20190101&end=20260722&lmt=5000&fields1=f1%2Cf2%2Cf3%2Cf4%2Cf5%2Cf6&fields2=f51%2Cf52%2Cf53%2Cf54%2Cf55%2Cf56%2Cf57%2Cf58%2Cf59%2Cf60%2Cf61,https://push2his.eastmoney.com/api/qt/stock/kline/get?secid=0.399808&klt=101&fqt=0&beg=20190101&end=20260722&lmt=5000&fields1=f1%2Cf2%2Cf3%2Cf4%2Cf5%2Cf6&fields2=f51%2Cf52%2Cf53%2Cf54%2Cf55%2Cf56%2Cf57%2Cf58%2Cf59%2Cf60%2Cf61
002176,江特电机,锂资源,2022-03-31,2022-04-29,1355037405.86,152.5694807215,665746986.1,809.81,63.9411922448,335534706.4,660772859.76,524838875.18,26233959.56,20.31,-0.3938946331856097,1.6248153618906969,4.775972427375685,-0.21939339533670887,-4.197236538353777,-9.255653609688874,2022-05-05,2022-05-11,2022-06-01,3800813782.41,978342259.6700001,https://datacenter-web.eastmoney.com/api/data/v1/get?reportName=RPT_LICO_FN_CPD&columns=ALL&filter=%28SECURITY_CODE%3D%22002176%22%29&pageNumber=1&pageSize=500,https://datacenter-web.eastmoney.com/api/data/v1/get?reportName=RPT_DMSK_FN_CASHFLOW&columns=ALL&filter=%28SECURITY_CODE%3D%22002176%22%29&pageNumber=1&pageSize=500,https://datacenter-web.eastmoney.com/api/data/v1/get?reportName=RPT_DMSK_FN_BALANCE&columns=ALL&filter=%28SECURITY_CODE%3D%22002176%22%29&pageNumber=1&pageSize=500,https://push2his.eastmoney.com/api/qt/stock/kline/get?secid=0.002176&klt=101&fqt=0&beg=20190101&end=20260722&lmt=5000&fields1=f1%2Cf2%2Cf3%2Cf4%2Cf5%2Cf6&fields2=f51%2Cf52%2Cf53%2Cf54%2Cf55%2Cf56%2Cf57%2Cf58%2Cf59%2Cf60%2Cf61,https://push2his.eastmoney.com/api/qt/stock/kline/get?secid=0.399808&klt=101&fqt=0&beg=20190101&end=20260722&lmt=5000&fields1=f1%2Cf2%2Cf3%2Cf4%2Cf5%2Cf6&fields2=f51%2Cf52%2Cf53%2Cf54%2Cf55%2Cf56%2Cf57%2Cf58%2Cf59%2Cf60%2Cf61
002176,江特电机,锂资源,2022-06-30,2022-08-19,2710280143.46,98.5836095694,1347984904.35,643.5,65.0478938524,666109617.15,909934160.59,561021911.91,96592819.4,24.0,5.3749999999999964,-1.0833333333333361,-11.66666666666667,3.7325870335578992,2.970044519452242,4.317803080272997,2022-08-22,2022-08-26,2022-09-19,4327751808.610001,1552451122.09,https://datacenter-web.eastmoney.com/api/data/v1/get?reportName=RPT_LICO_FN_CPD&columns=ALL&filter=%28SECURITY_CODE%3D%22002176%22%29&pageNumber=1&pageSize=500,https://datacenter-web.eastmoney.com/api/data/v1/get?reportName=RPT_DMSK_FN_CASHFLOW&columns=ALL&filter=%28SECURITY_CODE%3D%22002176%22%29&pageNumber=1&pageSize=500,https://datacenter-web.eastmoney.com/api/data/v1/get?reportName=RPT_DMSK_FN_BALANCE&columns=ALL&filter=%28SECURITY_CODE%3D%22002176%22%29&pageNumber=1&pageSize=500,https://push2his.eastmoney.com/api/qt/stock/kline/get?secid=0.002176&klt=101&fqt=0&beg=20190101&end=20260722&lmt=5000&fields1=f1%2Cf2%2Cf3%2Cf4%2Cf5%2Cf6&fields2=f51%2Cf52%2Cf53%2Cf54%2Cf55%2Cf56%2Cf57%2Cf58%2Cf59%2Cf60%2Cf61,https://push2his.eastmoney.com/api/qt/stock/kline/get?secid=0.399808&klt=101&fqt=0&beg=20190101&end=20260722&lmt=5000&fields1=f1%2Cf2%2Cf3%2Cf4%2Cf5%2Cf6&fields2=f51%2Cf52%2Cf53%2Cf54%2Cf55%2Cf56%2Cf57%2Cf58%2Cf59%2Cf60%2Cf61
002176,江特电机,锂资源,2022-09-30,2022-10-28,4621749914.66,127.7149052277,1959825990.35,685.72,57.8729195525,697444138.18,1019168945.87,541544930.11,152173859.23,18.9,0.952380952380949,20.63492063492065,5.661375661375656,1.5207575089901004,10.246482385177691,6.4136891538924985,2022-10-31,2022-11-04,2022-11-25,5574405973.2,2096164266.59,https://datacenter-web.eastmoney.com/api/data/v1/get?reportName=RPT_LICO_FN_CPD&columns=ALL&filter=%28SECURITY_CODE%3D%22002176%22%29&pageNumber=1&pageSize=500,https://datacenter-web.eastmoney.com/api/data/v1/get?reportName=RPT_DMSK_FN_CASHFLOW&columns=ALL&filter=%28SECURITY_CODE%3D%22002176%22%29&pageNumber=1&pageSize=500,https://datacenter-web.eastmoney.com/api/data/v1/get?reportName=RPT_DMSK_FN_BALANCE&columns=ALL&filter=%28SECURITY_CODE%3D%22002176%22%29&pageNumber=1&pageSize=500,https://push2his.eastmoney.com/api/qt/stock/kline/get?secid=0.002176&klt=101&fqt=0&beg=20190101&end=20260722&lmt=5000&fields1=f1%2Cf2%2Cf3%2Cf4%2Cf5%2Cf6&fields2=f51%2Cf52%2Cf53%2Cf54%2Cf55%2Cf56%2Cf57%2Cf58%2Cf59%2Cf60%2Cf61,https://push2his.eastmoney.com/api/qt/stock/kline/get?secid=0.399808&klt=101&fqt=0&beg=20190101&end=20260722&lmt=5000&fields1=f1%2Cf2%2Cf3%2Cf4%2Cf5%2Cf6&fields2=f51%2Cf52%2Cf53%2Cf54%2Cf55%2Cf56%2Cf57%2Cf58%2Cf59%2Cf60%2Cf61
002176,江特电机,锂资源,2022-12-31,2023-04-25,6571901829.98,120.3652221155,2325911430.64,503.05,52.8573848385,1827509560.18,1177955538.6,553411572.58,202003193.07,12.47,1.844426623897344,-0.9623095429029727,-1.2830793905372895,-3.3744971045654992,-3.3308794343377857,-3.5388766619227185,2023-04-26,2023-05-05,2023-05-26,6571901829.98,2325911430.64,https://datacenter-web.eastmoney.com/api/data/v1/get?reportName=RPT_LICO_FN_CPD&columns=ALL&filter=%28SECURITY_CODE%3D%22002176%22%29&pageNumber=1&pageSize=500,https://datacenter-web.eastmoney.com/api/data/v1/get?reportName=RPT_DMSK_FN_CASHFLOW&columns=ALL&filter=%28SECURITY_CODE%3D%22002176%22%29&pageNumber=1&pageSize=500,https://datacenter-web.eastmoney.com/api/data/v1/get?reportName=RPT_DMSK_FN_BALANCE&columns=ALL&filter=%28SECURITY_CODE%3D%22002176%22%29&pageNumber=1&pageSize=500,https://push2his.eastmoney.com/api/qt/stock/kline/get?secid=0.002176&klt=101&fqt=0&beg=20190101&end=20260722&lmt=5000&fields1=f1%2Cf2%2Cf3%2Cf4%2Cf5%2Cf6&fields2=f51%2Cf52%2Cf53%2Cf54%2Cf55%2Cf56%2Cf57%2Cf58%2Cf59%2Cf60%2Cf61,https://push2his.eastmoney.com/api/qt/stock/kline/get?secid=0.399808&klt=101&fqt=0&beg=20190101&end=20260722&lmt=5000&fields1=f1%2Cf2%2Cf3%2Cf4%2Cf5%2Cf6&fields2=f51%2Cf52%2Cf53%2Cf54%2Cf55%2Cf56%2Cf57%2Cf58%2Cf59%2Cf60%2Cf61
002176,江特电机,锂资源,2023-03-31,2023-04-25,700303526.83,-48.3185095997,50648141.71,-92.39,23.7459492361,-95505752.58,1193420163.81,602736232.51,112596209.97,12.47,1.844426623897344,-0.9623095429029727,-1.2830793905372895,-3.3744971045654992,-3.3308794343377857,-3.5388766619227185,2023-04-26,2023-05-05,2023-05-26,5917167950.95,1710812586.25,https://datacenter-web.eastmoney.com/api/data/v1/get?reportName=RPT_LICO_FN_CPD&columns=ALL&filter=%28SECURITY_CODE%3D%22002176%22%29&pageNumber=1&pageSize=500,https://datacenter-web.eastmoney.com/api/data/v1/get?reportName=RPT_DMSK_FN_CASHFLOW&columns=ALL&filter=%28SECURITY_CODE%3D%22002176%22%29&pageNumber=1&pageSize=500,https://datacenter-web.eastmoney.com/api/data/v1/get?reportName=RPT_DMSK_FN_BALANCE&columns=ALL&filter=%28SECURITY_CODE%3D%22002176%22%29&pageNumber=1&pageSize=500,https://push2his.eastmoney.com/api/qt/stock/kline/get?secid=0.002176&klt=101&fqt=0&beg=20190101&end=20260722&lmt=5000&fields1=f1%2Cf2%2Cf3%2Cf4%2Cf5%2Cf6&fields2=f51%2Cf52%2Cf53%2Cf54%2Cf55%2Cf56%2Cf57%2Cf58%2Cf59%2Cf60%2Cf61,https://push2his.eastmoney.com/api/qt/stock/kline/get?secid=0.399808&klt=101&fqt=0&beg=20190101&end=20260722&lmt=5000&fields1=f1%2Cf2%2Cf3%2Cf4%2Cf5%2Cf6&fields2=f51%2Cf52%2Cf53%2Cf54%2Cf55%2Cf56%2Cf57%2Cf58%2Cf59%2Cf60%2Cf61
002176,江特电机,锂资源,2023-06-30,2023-08-30,1798614258.56,-33.6373303365,-52861286.28,-103.92,6.6973995345,255669055.18,627385933.5,634228426.77,198270167.32,9.19,-1.196953210010876,3.0467899891186256,-4.896626768226331,0.029578778633521097,3.8141567096355966,2.0731961531783805,2023-08-31,2023-09-06,2023-09-27,5660235945.079999,925065240.0099998,https://datacenter-web.eastmoney.com/api/data/v1/get?reportName=RPT_LICO_FN_CPD&columns=ALL&filter=%28SECURITY_CODE%3D%22002176%22%29&pageNumber=1&pageSize=500,https://datacenter-web.eastmoney.com/api/data/v1/get?reportName=RPT_DMSK_FN_CASHFLOW&columns=ALL&filter=%28SECURITY_CODE%3D%22002176%22%29&pageNumber=1&pageSize=500,https://datacenter-web.eastmoney.com/api/data/v1/get?reportName=RPT_DMSK_FN_BALANCE&columns=ALL&filter=%28SECURITY_CODE%3D%22002176%22%29&pageNumber=1&pageSize=500,https://push2his.eastmoney.com/api/qt/stock/kline/get?secid=0.002176&klt=101&fqt=0&beg=20190101&end=20260722&lmt=5000&fields1=f1%2Cf2%2Cf3%2Cf4%2Cf5%2Cf6&fields2=f51%2Cf52%2Cf53%2Cf54%2Cf55%2Cf56%2Cf57%2Cf58%2Cf59%2Cf60%2Cf61,https://push2his.eastmoney.com/api/qt/stock/kline/get?secid=0.399808&klt=101&fqt=0&beg=20190101&end=20260722&lmt=5000&fields1=f1%2Cf2%2Cf3%2Cf4%2Cf5%2Cf6&fields2=f51%2Cf52%2Cf53%2Cf54%2Cf55%2Cf56%2Cf57%2Cf58%2Cf59%2Cf60%2Cf61
002176,江特电机,锂资源,2023-09-30,2023-10-27,2520734312.51,-45.4593095893,-95578207.28,-104.88,7.1562491959,594348163.12,560202344.59,635313274.24,334743734.26,12.64,-2.610759493670889,-9.09810126582279,-13.4493670886076,-3.600884832724538,-7.183002076005918,-9.199451298014216,2023-10-30,2023-11-03,2023-11-24,4470886227.83,270507233.00999975,https://datacenter-web.eastmoney.com/api/data/v1/get?reportName=RPT_LICO_FN_CPD&columns=ALL&filter=%28SECURITY_CODE%3D%22002176%22%29&pageNumber=1&pageSize=500,https://datacenter-web.eastmoney.com/api/data/v1/get?reportName=RPT_DMSK_FN_CASHFLOW&columns=ALL&filter=%28SECURITY_CODE%3D%22002176%22%29&pageNumber=1&pageSize=500,https://datacenter-web.eastmoney.com/api/data/v1/get?reportName=RPT_DMSK_FN_BALANCE&columns=ALL&filter=%28SECURITY_CODE%3D%22002176%22%29&pageNumber=1&pageSize=500,https://push2his.eastmoney.com/api/qt/stock/kline/get?secid=0.002176&klt=101&fqt=0&beg=20190101&end=20260722&lmt=5000&fields1=f1%2Cf2%2Cf3%2Cf4%2Cf5%2Cf6&fields2=f51%2Cf52%2Cf53%2Cf54%2Cf55%2Cf56%2Cf57%2Cf58%2Cf59%2Cf60%2Cf61,https://push2his.eastmoney.com/api/qt/stock/kline/get?secid=0.399808&klt=101&fqt=0&beg=20190101&end=20260722&lmt=5000&fields1=f1%2Cf2%2Cf3%2Cf4%2Cf5%2Cf6&fields2=f51%2Cf52%2Cf53%2Cf54%2Cf55%2Cf56%2Cf57%2Cf58%2Cf59%2Cf60%2Cf61
002176,江特电机,锂资源,2023-12-31,2024-04-29,2798715981.48,-57.4139107083,-396912435.35,-117.06,3.8695020569,582482616.54,433427253.53,564996051.77,487244633.13,10.1,-3.7623762376237546,0.4950495049504955,-5.643564356435649,-1.6883190585001873,-0.8060085964169961,-3.859071937677405,2024-04-30,2024-05-09,2024-05-30,2798715981.48,-396912435.35,https://datacenter-web.eastmoney.com/api/data/v1/get?reportName=RPT_LICO_FN_CPD&columns=ALL&filter=%28SECURITY_CODE%3D%22002176%22%29&pageNumber=1&pageSize=500,https://datacenter-web.eastmoney.com/api/data/v1/get?reportName=RPT_DMSK_FN_CASHFLOW&columns=ALL&filter=%28SECURITY_CODE%3D%22002176%22%29&pageNumber=1&pageSize=500,https://datacenter-web.eastmoney.com/api/data/v1/get?reportName=RPT_DMSK_FN_BALANCE&columns=ALL&filter=%28SECURITY_CODE%3D%22002176%22%29&pageNumber=1&pageSize=500,https://push2his.eastmoney.com/api/qt/stock/kline/get?secid=0.002176&klt=101&fqt=0&beg=20190101&end=20260722&lmt=5000&fields1=f1%2Cf2%2Cf3%2Cf4%2Cf5%2Cf6&fields2=f51%2Cf52%2Cf53%2Cf54%2Cf55%2Cf56%2Cf57%2Cf58%2Cf59%2Cf60%2Cf61,https://push2his.eastmoney.com/api/qt/stock/kline/get?secid=0.399808&klt=101&fqt=0&beg=20190101&end=20260722&lmt=5000&fields1=f1%2Cf2%2Cf3%2Cf4%2Cf5%2Cf6&fields2=f51%2Cf52%2Cf53%2Cf54%2Cf55%2Cf56%2Cf57%2Cf58%2Cf59%2Cf60%2Cf61
300274,阳光电源,光伏逆变器/储能,2020-09-30,2020-10-30,11908876319.86,65.7694799975,1195338973.66,115.61,24.788581004,508261607.58,3955858883.1,6211254890.54,188844113.1,38.83,16.739634303373684,11.769250579448887,20.83440638681433,14.186469666533918,7.362107271567275,16.543794073232387,2020-11-02,2020-11-06,2020-11-27,17728209987.550003,1533497515.0800002,https://datacenter-web.eastmoney.com/api/data/v1/get?reportName=RPT_LICO_FN_CPD&columns=ALL&filter=%28SECURITY_CODE%3D%22300274%22%29&pageNumber=1&pageSize=500,https://datacenter-web.eastmoney.com/api/data/v1/get?reportName=RPT_DMSK_FN_CASHFLOW&columns=ALL&filter=%28SECURITY_CODE%3D%22300274%22%29&pageNumber=1&pageSize=500,https://datacenter-web.eastmoney.com/api/data/v1/get?reportName=RPT_DMSK_FN_BALANCE&columns=ALL&filter=%28SECURITY_CODE%3D%22300274%22%29&pageNumber=1&pageSize=500,https://push2his.eastmoney.com/api/qt/stock/kline/get?secid=0.300274&klt=101&fqt=0&beg=20190101&end=20260722&lmt=5000&fields1=f1%2Cf2%2Cf3%2Cf4%2Cf5%2Cf6&fields2=f51%2Cf52%2Cf53%2Cf54%2Cf55%2Cf56%2Cf57%2Cf58%2Cf59%2Cf60%2Cf61,https://push2his.eastmoney.com/api/qt/stock/kline/get?secid=0.399808&klt=101&fqt=0&beg=20190101&end=20260722&lmt=5000&fields1=f1%2Cf2%2Cf3%2Cf4%2Cf5%2Cf6&fields2=f51%2Cf52%2Cf53%2Cf54%2Cf55%2Cf56%2Cf57%2Cf58%2Cf59%2Cf60%2Cf61
300274,阳光电源,光伏逆变器/储能,2020-12-31,2021-04-27,19285641347.02,48.3130759708,1954308244.82,118.96,23.0683145864,3088658224.59,3873426789.49,6585489222.22,960928959.57,83.38,1.2233149436315705,-1.139361957303897,8.63516430798754,-1.064035101647387,-2.9725658414576306,-2.1717506523806662,2021-04-28,2021-05-07,2021-05-28,19285641347.02,1954308244.82,https://datacenter-web.eastmoney.com/api/data/v1/get?reportName=RPT_LICO_FN_CPD&columns=ALL&filter=%28SECURITY_CODE%3D%22300274%22%29&pageNumber=1&pageSize=500,https://datacenter-web.eastmoney.com/api/data/v1/get?reportName=RPT_DMSK_FN_CASHFLOW&columns=ALL&filter=%28SECURITY_CODE%3D%22300274%22%29&pageNumber=1&pageSize=500,https://datacenter-web.eastmoney.com/api/data/v1/get?reportName=RPT_DMSK_FN_BALANCE&columns=ALL&filter=%28SECURITY_CODE%3D%22300274%22%29&pageNumber=1&pageSize=500,https://push2his.eastmoney.com/api/qt/stock/kline/get?secid=0.300274&klt=101&fqt=0&beg=20190101&end=20260722&lmt=5000&fields1=f1%2Cf2%2Cf3%2Cf4%2Cf5%2Cf6&fields2=f51%2Cf52%2Cf53%2Cf54%2Cf55%2Cf56%2Cf57%2Cf58%2Cf59%2Cf60%2Cf61,https://push2his.eastmoney.com/api/qt/stock/kline/get?secid=0.399808&klt=101&fqt=0&beg=20190101&end=20260722&lmt=5000&fields1=f1%2Cf2%2Cf3%2Cf4%2Cf5%2Cf6&fields2=f51%2Cf52%2Cf53%2Cf54%2Cf55%2Cf56%2Cf57%2Cf58%2Cf59%2Cf60%2Cf61
300274,阳光电源,光伏逆变器/储能,2021-03-31,2021-04-29,3346740239.11,81.2352909885,386719538.98,142.45,29.5637239239,-2483141097.98,4645204595.08,7541626678.23,166229651.12,82.28,9.261059795819149,-3.475935828877008,16.73553719008265,6.712027851793212,-2.573608984570608,4.719523785975976,2021-04-30,2021-05-11,2021-06-01,20785754353.18,2181524854.4300003,https://datacenter-web.eastmoney.com/api/data/v1/get?reportName=RPT_LICO_FN_CPD&columns=ALL&filter=%28SECURITY_CODE%3D%22300274%22%29&pageNumber=1&pageSize=500,https://datacenter-web.eastmoney.com/api/data/v1/get?reportName=RPT_DMSK_FN_CASHFLOW&columns=ALL&filter=%28SECURITY_CODE%3D%22300274%22%29&pageNumber=1&pageSize=500,https://datacenter-web.eastmoney.com/api/data/v1/get?reportName=RPT_DMSK_FN_BALANCE&columns=ALL&filter=%28SECURITY_CODE%3D%22300274%22%29&pageNumber=1&pageSize=500,https://push2his.eastmoney.com/api/qt/stock/kline/get?secid=0.300274&klt=101&fqt=0&beg=20190101&end=20260722&lmt=5000&fields1=f1%2Cf2%2Cf3%2Cf4%2Cf5%2Cf6&fields2=f51%2Cf52%2Cf53%2Cf54%2Cf55%2Cf56%2Cf57%2Cf58%2Cf59%2Cf60%2Cf61,https://push2his.eastmoney.com/api/qt/stock/kline/get?secid=0.399808&klt=101&fqt=0&beg=20190101&end=20260722&lmt=5000&fields1=f1%2Cf2%2Cf3%2Cf4%2Cf5%2Cf6&fields2=f51%2Cf52%2Cf53%2Cf54%2Cf55%2Cf56%2Cf57%2Cf58%2Cf59%2Cf60%2Cf61
300274,阳光电源,光伏逆变器/储能,2021-06-30,2021-08-28,8210205321.09,18.2676218751,756978356.95,69.68,28.0428838599,-3129899822.58,5775740138.66,7042514676.06,540521905.88,149.18,8.848371095321085,-6.247486258211554,-3.99517361576619,5.444853966020302,-2.4618190976094634,1.1637464151767918,2021-08-30,2021-09-03,2021-09-28,20553790008.04,2265155516.46,https://datacenter-web.eastmoney.com/api/data/v1/get?reportName=RPT_LICO_FN_CPD&columns=ALL&filter=%28SECURITY_CODE%3D%22300274%22%29&pageNumber=1&pageSize=500,https://datacenter-web.eastmoney.com/api/data/v1/get?reportName=RPT_DMSK_FN_CASHFLOW&columns=ALL&filter=%28SECURITY_CODE%3D%22300274%22%29&pageNumber=1&pageSize=500,https://datacenter-web.eastmoney.com/api/data/v1/get?reportName=RPT_DMSK_FN_BALANCE&columns=ALL&filter=%28SECURITY_CODE%3D%22300274%22%29&pageNumber=1&pageSize=500,https://push2his.eastmoney.com/api/qt/stock/kline/get?secid=0.300274&klt=101&fqt=0&beg=20190101&end=20260722&lmt=5000&fields1=f1%2Cf2%2Cf3%2Cf4%2Cf5%2Cf6&fields2=f51%2Cf52%2Cf53%2Cf54%2Cf55%2Cf56%2Cf57%2Cf58%2Cf59%2Cf60%2Cf61,https://push2his.eastmoney.com/api/qt/stock/kline/get?secid=0.399808&klt=101&fqt=0&beg=20190101&end=20260722&lmt=5000&fields1=f1%2Cf2%2Cf3%2Cf4%2Cf5%2Cf6&fields2=f51%2Cf52%2Cf53%2Cf54%2Cf55%2Cf56%2Cf57%2Cf58%2Cf59%2Cf60%2Cf61
300274,阳光电源,光伏逆变器/储能,2021-09-30,2021-10-29,15373655864,29.0940929361,1504774645.75,25.89,27.4244727456,-3854791122.48,9362951944.71,8548952197.85,1074391128.3,164.1,0.4570383912248621,-5.070079219987811,-6.861669713589269,1.4575397274635638,-1.0424149336813904,-4.716187463655396,2021-11-01,2021-11-05,2021-11-26,22750420891.160004,2263743916.91,https://datacenter-web.eastmoney.com/api/data/v1/get?reportName=RPT_LICO_FN_CPD&columns=ALL&filter=%28SECURITY_CODE%3D%22300274%22%29&pageNumber=1&pageSize=500,https://datacenter-web.eastmoney.com/api/data/v1/get?reportName=RPT_DMSK_FN_CASHFLOW&columns=ALL&filter=%28SECURITY_CODE%3D%22300274%22%29&pageNumber=1&pageSize=500,https://datacenter-web.eastmoney.com/api/data/v1/get?reportName=RPT_DMSK_FN_BALANCE&columns=ALL&filter=%28SECURITY_CODE%3D%22300274%22%29&pageNumber=1&pageSize=500,https://push2his.eastmoney.com/api/qt/stock/kline/get?secid=0.300274&klt=101&fqt=0&beg=20190101&end=20260722&lmt=5000&fields1=f1%2Cf2%2Cf3%2Cf4%2Cf5%2Cf6&fields2=f51%2Cf52%2Cf53%2Cf54%2Cf55%2Cf56%2Cf57%2Cf58%2Cf59%2Cf60%2Cf61,https://push2his.eastmoney.com/api/qt/stock/kline/get?secid=0.399808&klt=101&fqt=0&beg=20190101&end=20260722&lmt=5000&fields1=f1%2Cf2%2Cf3%2Cf4%2Cf5%2Cf6&fields2=f51%2Cf52%2Cf53%2Cf54%2Cf55%2Cf56%2Cf57%2Cf58%2Cf59%2Cf60%2Cf61
300274,阳光电源,光伏逆变器/储能,2021-12-31,2022-04-20,24136598726.55,25.1532074679,1582707374.76,-19.01,22.2540219785,-1638632122.77,10767519365.64,8748141497.54,1665649098.4,72.08,-10.543840177580455,-14.248057713651496,14.248057713651496,-6.290041437086802,-7.430242175685375,2.1425656942754223,2022-04-21,2022-04-27,2022-05-23,24136598726.55,1582707374.76,https://datacenter-web.eastmoney.com/api/data/v1/get?reportName=RPT_LICO_FN_CPD&columns=ALL&filter=%28SECURITY_CODE%3D%22300274%22%29&pageNumber=1&pageSize=500,https://datacenter-web.eastmoney.com/api/data/v1/get?reportName=RPT_DMSK_FN_CASHFLOW&columns=ALL&filter=%28SECURITY_CODE%3D%22300274%22%29&pageNumber=1&pageSize=500,https://datacenter-web.eastmoney.com/api/data/v1/get?reportName=RPT_DMSK_FN_BALANCE&columns=ALL&filter=%28SECURITY_CODE%3D%22300274%22%29&pageNumber=1&pageSize=500,https://push2his.eastmoney.com/api/qt/stock/kline/get?secid=0.300274&klt=101&fqt=0&beg=20190101&end=20260722&lmt=5000&fields1=f1%2Cf2%2Cf3%2Cf4%2Cf5%2Cf6&fields2=f51%2Cf52%2Cf53%2Cf54%2Cf55%2Cf56%2Cf57%2Cf58%2Cf59%2Cf60%2Cf61,https://push2his.eastmoney.com/api/qt/stock/kline/get?secid=0.399808&klt=101&fqt=0&beg=20190101&end=20260722&lmt=5000&fields1=f1%2Cf2%2Cf3%2Cf4%2Cf5%2Cf6&fields2=f51%2Cf52%2Cf53%2Cf54%2Cf55%2Cf56%2Cf57%2Cf58%2Cf59%2Cf60%2Cf61
300274,阳光电源,光伏逆变器/储能,2022-03-31,2022-04-20,4567689691.24,36.4817513431,410913211.59,6.26,29.4832194928,-1682576215.24,13032076875.94,8269793290.89,352946947.51,72.08,-10.543840177580455,-14.248057713651496,14.248057713651496,-6.290041437086802,-7.430242175685375,2.1425656942754223,2022-04-21,2022-04-27,2022-05-23,25357548178.68,1606901047.37,https://datacenter-web.eastmoney.com/api/data/v1/get?reportName=RPT_LICO_FN_CPD&columns=ALL&filter=%28SECURITY_CODE%3D%22300274%22%29&pageNumber=1&pageSize=500,https://datacenter-web.eastmoney.com/api/data/v1/get?reportName=RPT_DMSK_FN_CASHFLOW&columns=ALL&filter=%28SECURITY_CODE%3D%22300274%22%29&pageNumber=1&pageSize=500,https://datacenter-web.eastmoney.com/api/data/v1/get?reportName=RPT_DMSK_FN_BALANCE&columns=ALL&filter=%28SECURITY_CODE%3D%22300274%22%29&pageNumber=1&pageSize=500,https://push2his.eastmoney.com/api/qt/stock/kline/get?secid=0.300274&klt=101&fqt=0&beg=20190101&end=20260722&lmt=5000&fields1=f1%2Cf2%2Cf3%2Cf4%2Cf5%2Cf6&fields2=f51%2Cf52%2Cf53%2Cf54%2Cf55%2Cf56%2Cf57%2Cf58%2Cf59%2Cf60%2Cf61,https://push2his.eastmoney.com/api/qt/stock/kline/get?secid=0.399808&klt=101&fqt=0&beg=20190101&end=20260722&lmt=5000&fields1=f1%2Cf2%2Cf3%2Cf4%2Cf5%2Cf6&fields2=f51%2Cf52%2Cf53%2Cf54%2Cf55%2Cf56%2Cf57%2Cf58%2Cf59%2Cf60%2Cf61
300274,阳光电源,光伏逆变器/储能,2022-06-30,2022-08-27,12281234912.79,49.5849912699,900440191.39,18.95,25.5367262069,-1259081175.11,16694535473.91,8822869067.43,614598096.8,131.65,0.37979491074819904,-17.46296999620206,-8.834029624003048,0.20603111098667082,-10.305228973010639,1.6742946813566029,2022-08-29,2022-09-02,2022-09-26,28207628318.249996,1726169209.2,https://datacenter-web.eastmoney.com/api/data/v1/get?reportName=RPT_LICO_FN_CPD&columns=ALL&filter=%28SECURITY_CODE%3D%22300274%22%29&pageNumber=1&pageSize=500,https://datacenter-web.eastmoney.com/api/data/v1/get?reportName=RPT_DMSK_FN_CASHFLOW&columns=ALL&filter=%28SECURITY_CODE%3D%22300274%22%29&pageNumber=1&pageSize=500,https://datacenter-web.eastmoney.com/api/data/v1/get?reportName=RPT_DMSK_FN_BALANCE&columns=ALL&filter=%28SECURITY_CODE%3D%22300274%22%29&pageNumber=1&pageSize=500,https://push2his.eastmoney.com/api/qt/stock/kline/get?secid=0.300274&klt=101&fqt=0&beg=20190101&end=20260722&lmt=5000&fields1=f1%2Cf2%2Cf3%2Cf4%2Cf5%2Cf6&fields2=f51%2Cf52%2Cf53%2Cf54%2Cf55%2Cf56%2Cf57%2Cf58%2Cf59%2Cf60%2Cf61,https://push2his.eastmoney.com/api/qt/stock/kline/get?secid=0.399808&klt=101&fqt=0&beg=20190101&end=20260722&lmt=5000&fields1=f1%2Cf2%2Cf3%2Cf4%2Cf5%2Cf6&fields2=f51%2Cf52%2Cf53%2Cf54%2Cf55%2Cf56%2Cf57%2Cf58%2Cf59%2Cf60%2Cf61
300274,阳光电源,光伏逆变器/储能,2022-09-30,2022-10-27,22223937486.32,44.5585726838,2060565955.14,36.94,25.357955081,-2896672525.36,20770389217.76,10497056526.96,1045283337.48,133.02,-2.924372274845899,1.8643812960456918,-10.51721545632236,1.0863309758826878,1.0227066101658133,-8.014946772926379,2022-10-28,2022-11-03,2022-11-24,30986880348.869995,2138498684.15,https://datacenter-web.eastmoney.com/api/data/v1/get?reportName=RPT_LICO_FN_CPD&columns=ALL&filter=%28SECURITY_CODE%3D%22300274%22%29&pageNumber=1&pageSize=500,https://datacenter-web.eastmoney.com/api/data/v1/get?reportName=RPT_DMSK_FN_CASHFLOW&columns=ALL&filter=%28SECURITY_CODE%3D%22300274%22%29&pageNumber=1&pageSize=500,https://datacenter-web.eastmoney.com/api/data/v1/get?reportName=RPT_DMSK_FN_BALANCE&columns=ALL&filter=%28SECURITY_CODE%3D%22300274%22%29&pageNumber=1&pageSize=500,https://push2his.eastmoney.com/api/qt/stock/kline/get?secid=0.300274&klt=101&fqt=0&beg=20190101&end=20260722&lmt=5000&fields1=f1%2Cf2%2Cf3%2Cf4%2Cf5%2Cf6&fields2=f51%2Cf52%2Cf53%2Cf54%2Cf55%2Cf56%2Cf57%2Cf58%2Cf59%2Cf60%2Cf61,https://push2his.eastmoney.com/api/qt/stock/kline/get?secid=0.399808&klt=101&fqt=0&beg=20190101&end=20260722&lmt=5000&fields1=f1%2Cf2%2Cf3%2Cf4%2Cf5%2Cf6&fields2=f51%2Cf52%2Cf53%2Cf54%2Cf55%2Cf56%2Cf57%2Cf58%2Cf59%2Cf60%2Cf61
300274,阳光电源,光伏逆变器/储能,2022-12-31,2023-04-25,40257239155.34,66.7891968186,3593446514.09,127.04,24.5457284512,1210498485.89,19060142584.88,13804040262.6,1526766108.85,102.45,14.670571010248912,4.938994631527582,11.30307467057101,9.45164728178607,2.5704247400927693,9.047277399185582,2023-04-26,2023-05-05,2023-05-26,40257239155.34,3593446514.09,https://datacenter-web.eastmoney.com/api/data/v1/get?reportName=RPT_LICO_FN_CPD&columns=ALL&filter=%28SECURITY_CODE%3D%22300274%22%29&pageNumber=1&pageSize=500,https://datacenter-web.eastmoney.com/api/data/v1/get?reportName=RPT_DMSK_FN_CASHFLOW&columns=ALL&filter=%28SECURITY_CODE%3D%22300274%22%29&pageNumber=1&pageSize=500,https://datacenter-web.eastmoney.com/api/data/v1/get?reportName=RPT_DMSK_FN_BALANCE&columns=ALL&filter=%28SECURITY_CODE%3D%22300274%22%29&pageNumber=1&pageSize=500,https://push2his.eastmoney.com/api/qt/stock/kline/get?secid=0.300274&klt=101&fqt=0&beg=20190101&end=20260722&lmt=5000&fields1=f1%2Cf2%2Cf3%2Cf4%2Cf5%2Cf6&fields2=f51%2Cf52%2Cf53%2Cf54%2Cf55%2Cf56%2Cf57%2Cf58%2Cf59%2Cf60%2Cf61,https://push2his.eastmoney.com/api/qt/stock/kline/get?secid=0.399808&klt=101&fqt=0&beg=20190101&end=20260722&lmt=5000&fields1=f1%2Cf2%2Cf3%2Cf4%2Cf5%2Cf6&fields2=f51%2Cf52%2Cf53%2Cf54%2Cf55%2Cf56%2Cf57%2Cf58%2Cf59%2Cf60%2Cf61
300274,阳光电源,光伏逆变器/储能,2023-03-31,2023-04-25,12580349961.26,175.420416264,1507649034.35,266.9,28.0011452506,-793931336.59,18729765030.06,14693106214.13,544975708.13,102.45,14.670571010248912,4.938994631527582,11.30307467057101,9.45164728178607,2.5704247400927693,9.047277399185582,2023-04-26,2023-05-05,2023-05-26,48269899425.36,4690182336.85,https://datacenter-web.eastmoney.com/api/data/v1/get?reportName=RPT_LICO_FN_CPD&columns=ALL&filter=%28SECURITY_CODE%3D%22300274%22%29&pageNumber=1&pageSize=500,https://datacenter-web.eastmoney.com/api/data/v1/get?reportName=RPT_DMSK_FN_CASHFLOW&columns=ALL&filter=%28SECURITY_CODE%3D%22300274%22%29&pageNumber=1&pageSize=500,https://datacenter-web.eastmoney.com/api/data/v1/get?reportName=RPT_DMSK_FN_BALANCE&columns=ALL&filter=%28SECURITY_CODE%3D%22300274%22%29&pageNumber=1&pageSize=500,https://push2his.eastmoney.com/api/qt/stock/kline/get?secid=0.300274&klt=101&fqt=0&beg=20190101&end=20260722&lmt=5000&fields1=f1%2Cf2%2Cf3%2Cf4%2Cf5%2Cf6&fields2=f51%2Cf52%2Cf53%2Cf54%2Cf55%2Cf56%2Cf57%2Cf58%2Cf59%2Cf60%2Cf61,https://push2his.eastmoney.com/api/qt/stock/kline/get?secid=0.399808&klt=101&fqt=0&beg=20190101&end=20260722&lmt=5000&fields1=f1%2Cf2%2Cf3%2Cf4%2Cf5%2Cf6&fields2=f51%2Cf52%2Cf53%2Cf54%2Cf55%2Cf56%2Cf57%2Cf58%2Cf59%2Cf60%2Cf61
300274,阳光电源,光伏逆变器/储能,2023-06-30,2023-08-25,28622223962.32,133.0565628422,4354075376.93,383.55,27.0002365403,4769509834.09,23187770123.58,14480405514.56,1352598997.58,98.18,2.0574455082501553,2.352821348543488,-13.32246893460991,1.4108747073392491,0.9884644189299907,-8.155133031623684,2023-08-28,2023-09-01,2023-09-22,56598228204.87,7047081699.63,https://datacenter-web.eastmoney.com/api/data/v1/get?reportName=RPT_LICO_FN_CPD&columns=ALL&filter=%28SECURITY_CODE%3D%22300274%22%29&pageNumber=1&pageSize=500,https://datacenter-web.eastmoney.com/api/data/v1/get?reportName=RPT_DMSK_FN_CASHFLOW&columns=ALL&filter=%28SECURITY_CODE%3D%22300274%22%29&pageNumber=1&pageSize=500,https://datacenter-web.eastmoney.com/api/data/v1/get?reportName=RPT_DMSK_FN_BALANCE&columns=ALL&filter=%28SECURITY_CODE%3D%22300274%22%29&pageNumber=1&pageSize=500,https://push2his.eastmoney.com/api/qt/stock/kline/get?secid=0.300274&klt=101&fqt=0&beg=20190101&end=20260722&lmt=5000&fields1=f1%2Cf2%2Cf3%2Cf4%2Cf5%2Cf6&fields2=f51%2Cf52%2Cf53%2Cf54%2Cf55%2Cf56%2Cf57%2Cf58%2Cf59%2Cf60%2Cf61,https://push2his.eastmoney.com/api/qt/stock/kline/get?secid=0.399808&klt=101&fqt=0&beg=20190101&end=20260722&lmt=5000&fields1=f1%2Cf2%2Cf3%2Cf4%2Cf5%2Cf6&fields2=f51%2Cf52%2Cf53%2Cf54%2Cf55%2Cf56%2Cf57%2Cf58%2Cf59%2Cf60%2Cf61
300274,阳光电源,光伏逆变器/储能,2023-09-30,2023-10-28,46414634831.96,108.8497362834,7222976494.3,250.53,28.438291323,4552303840.84,26868567749.46,16238270888.44,2098423431.38,82.86,4.948105237750422,0.9051412020275151,1.9671735457397865,3.957979898696773,2.8202403918443864,6.217089336333171,2023-10-30,2023-11-03,2023-11-24,64447936500.97999,8755857053.25,https://datacenter-web.eastmoney.com/api/data/v1/get?reportName=RPT_LICO_FN_CPD&columns=ALL&filter=%28SECURITY_CODE%3D%22300274%22%29&pageNumber=1&pageSize=500,https://datacenter-web.eastmoney.com/api/data/v1/get?reportName=RPT_DMSK_FN_CASHFLOW&columns=ALL&filter=%28SECURITY_CODE%3D%22300274%22%29&pageNumber=1&pageSize=500,https://datacenter-web.eastmoney.com/api/data/v1/get?reportName=RPT_DMSK_FN_BALANCE&columns=ALL&filter=%28SECURITY_CODE%3D%22300274%22%29&pageNumber=1&pageSize=500,https://push2his.eastmoney.com/api/qt/stock/kline/get?secid=0.300274&klt=101&fqt=0&beg=20190101&end=20260722&lmt=5000&fields1=f1%2Cf2%2Cf3%2Cf4%2Cf5%2Cf6&fields2=f51%2Cf52%2Cf53%2Cf54%2Cf55%2Cf56%2Cf57%2Cf58%2Cf59%2Cf60%2Cf61,https://push2his.eastmoney.com/api/qt/stock/kline/get?secid=0.399808&klt=101&fqt=0&beg=20190101&end=20260722&lmt=5000&fields1=f1%2Cf2%2Cf3%2Cf4%2Cf5%2Cf6&fields2=f51%2Cf52%2Cf53%2Cf54%2Cf55%2Cf56%2Cf57%2Cf58%2Cf59%2Cf60%2Cf61
300274,阳光电源,光伏逆变器/储能,2023-12-31,2024-04-23,72250674939.46,79.4725034687,9439561800.25,162.69,27.1803409465,6981838977.28,21441505396.6,21097509472.32,2741238644,96.98,-1.83542998556403,6.568364611260047,4.299855640338213,-0.8012789514129981,3.310632005701364,1.5205093827310945,2024-04-24,2024-04-30,2024-05-24,72250674939.46,9439561800.25,https://datacenter-web.eastmoney.com/api/data/v1/get?reportName=RPT_LICO_FN_CPD&columns=ALL&filter=%28SECURITY_CODE%3D%22300274%22%29&pageNumber=1&pageSize=500,https://datacenter-web.eastmoney.com/api/data/v1/get?reportName=RPT_DMSK_FN_CASHFLOW&columns=ALL&filter=%28SECURITY_CODE%3D%22300274%22%29&pageNumber=1&pageSize=500,https://datacenter-web.eastmoney.com/api/data/v1/get?reportName=RPT_DMSK_FN_BALANCE&columns=ALL&filter=%28SECURITY_CODE%3D%22300274%22%29&pageNumber=1&pageSize=500,https://push2his.eastmoney.com/api/qt/stock/kline/get?secid=0.300274&klt=101&fqt=0&beg=20190101&end=20260722&lmt=5000&fields1=f1%2Cf2%2Cf3%2Cf4%2Cf5%2Cf6&fields2=f51%2Cf52%2Cf53%2Cf54%2Cf55%2Cf56%2Cf57%2Cf58%2Cf59%2Cf60%2Cf61,https://push2his.eastmoney.com/api/qt/stock/kline/get?secid=0.399808&klt=101&fqt=0&beg=20190101&end=20260722&lmt=5000&fields1=f1%2Cf2%2Cf3%2Cf4%2Cf5%2Cf6&fields2=f51%2Cf52%2Cf53%2Cf54%2Cf55%2Cf56%2Cf57%2Cf58%2Cf59%2Cf60%2Cf61
600438,通威股份,硅料/电池片,2020-09-30,2020-10-23,31678109205.23,13.0355466357,3332566062.69,48.57,16.5794465186,2038489963,3343867019.41,1924484441.09,3898756963.29,27.89,6.131229831480822,10.075295804948015,14.98745069917533,3.675350980526959,5.249531347058234,6.652720894357955,2020-10-26,2020-10-30,2020-11-20,41208318352.18999,3724084826.0700006,https://datacenter-web.eastmoney.com/api/data/v1/get?reportName=RPT_LICO_FN_CPD&columns=ALL&filter=%28SECURITY_CODE%3D%22600438%22%29&pageNumber=1&pageSize=500,https://datacenter-web.eastmoney.com/api/data/v1/get?reportName=RPT_DMSK_FN_CASHFLOW&columns=ALL&filter=%28SECURITY_CODE%3D%22600438%22%29&pageNumber=1&pageSize=500,https://datacenter-web.eastmoney.com/api/data/v1/get?reportName=RPT_DMSK_FN_BALANCE&columns=ALL&filter=%28SECURITY_CODE%3D%22600438%22%29&pageNumber=1&pageSize=500,https://push2his.eastmoney.com/api/qt/stock/kline/get?secid=1.600438&klt=101&fqt=0&beg=20190101&end=20260722&lmt=5000&fields1=f1%2Cf2%2Cf3%2Cf4%2Cf5%2Cf6&fields2=f51%2Cf52%2Cf53%2Cf54%2Cf55%2Cf56%2Cf57%2Cf58%2Cf59%2Cf60%2Cf61,https://push2his.eastmoney.com/api/qt/stock/kline/get?secid=0.399808&klt=101&fqt=0&beg=20190101&end=20260722&lmt=5000&fields1=f1%2Cf2%2Cf3%2Cf4%2Cf5%2Cf6&fields2=f51%2Cf52%2Cf53%2Cf54%2Cf55%2Cf56%2Cf57%2Cf58%2Cf59%2Cf60%2Cf61
600438,通威股份,硅料/电池片,2020-12-31,2021-04-13,44200270334.23,17.69439796,3607923359.56,36.95,17.0855635333,3024927931.94,2773077527.98,1069352776.17,5486604092.6,30.96,3.0361757105943132,9.851421188630471,20.801033591731265,-0.20447387776152404,1.7118778256179024,11.833826573726846,2021-04-14,2021-04-20,2021-05-14,44200270334.23,3607923359.56,https://datacenter-web.eastmoney.com/api/data/v1/get?reportName=RPT_LICO_FN_CPD&columns=ALL&filter=%28SECURITY_CODE%3D%22600438%22%29&pageNumber=1&pageSize=500,https://datacenter-web.eastmoney.com/api/data/v1/get?reportName=RPT_DMSK_FN_CASHFLOW&columns=ALL&filter=%28SECURITY_CODE%3D%22600438%22%29&pageNumber=1&pageSize=500,https://datacenter-web.eastmoney.com/api/data/v1/get?reportName=RPT_DMSK_FN_BALANCE&columns=ALL&filter=%28SECURITY_CODE%3D%22600438%22%29&pageNumber=1&pageSize=500,https://push2his.eastmoney.com/api/qt/stock/kline/get?secid=1.600438&klt=101&fqt=0&beg=20190101&end=20260722&lmt=5000&fields1=f1%2Cf2%2Cf3%2Cf4%2Cf5%2Cf6&fields2=f51%2Cf52%2Cf53%2Cf54%2Cf55%2Cf56%2Cf57%2Cf58%2Cf59%2Cf60%2Cf61,https://push2his.eastmoney.com/api/qt/stock/kline/get?secid=0.399808&klt=101&fqt=0&beg=20190101&end=20260722&lmt=5000&fields1=f1%2Cf2%2Cf3%2Cf4%2Cf5%2Cf6&fields2=f51%2Cf52%2Cf53%2Cf54%2Cf55%2Cf56%2Cf57%2Cf58%2Cf59%2Cf60%2Cf61
600438,通威股份,硅料/电池片,2021-03-31,2021-04-13,10617725141.89,35.6873994708,847369394.06,145.99,20.7469948726,1685293387.04,3903592744.73,1326125934.25,1366418101.33,30.96,3.0361757105943132,9.851421188630471,20.801033591731265,-0.20447387776152404,1.7118778256179024,11.833826573726846,2021-04-14,2021-04-20,2021-05-14,46992858298.090004,4110826322.8599997,https://datacenter-web.eastmoney.com/api/data/v1/get?reportName=RPT_LICO_FN_CPD&columns=ALL&filter=%28SECURITY_CODE%3D%22600438%22%29&pageNumber=1&pageSize=500,https://datacenter-web.eastmoney.com/api/data/v1/get?reportName=RPT_DMSK_FN_CASHFLOW&columns=ALL&filter=%28SECURITY_CODE%3D%22600438%22%29&pageNumber=1&pageSize=500,https://datacenter-web.eastmoney.com/api/data/v1/get?reportName=RPT_DMSK_FN_BALANCE&columns=ALL&filter=%28SECURITY_CODE%3D%22600438%22%29&pageNumber=1&pageSize=500,https://push2his.eastmoney.com/api/qt/stock/kline/get?secid=1.600438&klt=101&fqt=0&beg=20190101&end=20260722&lmt=5000&fields1=f1%2Cf2%2Cf3%2Cf4%2Cf5%2Cf6&fields2=f51%2Cf52%2Cf53%2Cf54%2Cf55%2Cf56%2Cf57%2Cf58%2Cf59%2Cf60%2Cf61,https://push2his.eastmoney.com/api/qt/stock/kline/get?secid=0.399808&klt=101&fqt=0&beg=20190101&end=20260722&lmt=5000&fields1=f1%2Cf2%2Cf3%2Cf4%2Cf5%2Cf6&fields2=f51%2Cf52%2Cf53%2Cf54%2Cf55%2Cf56%2Cf57%2Cf58%2Cf59%2Cf60%2Cf61
600438,通威股份,硅料/电池片,2021-06-30,2021-08-18,26562179612.52,41.7511280166,2965730042.52,193.5,24.2405800057,3080239712.23,4629107025.51,1517717118.84,3789822862.27,47.45,3.3087460484720665,15.152792413066374,11.717597471022124,0.8107294322527547,5.177011797414743,0.15464452084053004,2021-08-19,2021-08-25,2021-09-15,52023848015.19,5563194077.82,https://datacenter-web.eastmoney.com/api/data/v1/get?reportName=RPT_LICO_FN_CPD&columns=ALL&filter=%28SECURITY_CODE%3D%22600438%22%29&pageNumber=1&pageSize=500,https://datacenter-web.eastmoney.com/api/data/v1/get?reportName=RPT_DMSK_FN_CASHFLOW&columns=ALL&filter=%28SECURITY_CODE%3D%22600438%22%29&pageNumber=1&pageSize=500,https://datacenter-web.eastmoney.com/api/data/v1/get?reportName=RPT_DMSK_FN_BALANCE&columns=ALL&filter=%28SECURITY_CODE%3D%22600438%22%29&pageNumber=1&pageSize=500,https://push2his.eastmoney.com/api/qt/stock/kline/get?secid=1.600438&klt=101&fqt=0&beg=20190101&end=20260722&lmt=5000&fields1=f1%2Cf2%2Cf3%2Cf4%2Cf5%2Cf6&fields2=f51%2Cf52%2Cf53%2Cf54%2Cf55%2Cf56%2Cf57%2Cf58%2Cf59%2Cf60%2Cf61,https://push2his.eastmoney.com/api/qt/stock/kline/get?secid=0.399808&klt=101&fqt=0&beg=20190101&end=20260722&lmt=5000&fields1=f1%2Cf2%2Cf3%2Cf4%2Cf5%2Cf6&fields2=f51%2Cf52%2Cf53%2Cf54%2Cf55%2Cf56%2Cf57%2Cf58%2Cf59%2Cf60%2Cf61
600438,通威股份,硅料/电池片,2021-09-30,2021-10-26,46699736324.09,47.4195824679,5944698401.3,78.38,25.5691989151,3561781975.58,4979434614.44,1517928438.96,7133454465.16,56.12,0.7662152530292232,-8.553100498930855,-13.791874554526007,-1.7386572050186233,-10.385635035158657,-17.015460111620595,2021-10-27,2021-11-02,2021-11-23,59221897453.09001,6220055698.17,https://datacenter-web.eastmoney.com/api/data/v1/get?reportName=RPT_LICO_FN_CPD&columns=ALL&filter=%28SECURITY_CODE%3D%22600438%22%29&pageNumber=1&pageSize=500,https://datacenter-web.eastmoney.com/api/data/v1/get?reportName=RPT_DMSK_FN_CASHFLOW&columns=ALL&filter=%28SECURITY_CODE%3D%22600438%22%29&pageNumber=1&pageSize=500,https://datacenter-web.eastmoney.com/api/data/v1/get?reportName=RPT_DMSK_FN_BALANCE&columns=ALL&filter=%28SECURITY_CODE%3D%22600438%22%29&pageNumber=1&pageSize=500,https://push2his.eastmoney.com/api/qt/stock/kline/get?secid=1.600438&klt=101&fqt=0&beg=20190101&end=20260722&lmt=5000&fields1=f1%2Cf2%2Cf3%2Cf4%2Cf5%2Cf6&fields2=f51%2Cf52%2Cf53%2Cf54%2Cf55%2Cf56%2Cf57%2Cf58%2Cf59%2Cf60%2Cf61,https://push2his.eastmoney.com/api/qt/stock/kline/get?secid=0.399808&klt=101&fqt=0&beg=20190101&end=20260722&lmt=5000&fields1=f1%2Cf2%2Cf3%2Cf4%2Cf5%2Cf6&fields2=f51%2Cf52%2Cf53%2Cf54%2Cf55%2Cf56%2Cf57%2Cf58%2Cf59%2Cf60%2Cf61
600438,通威股份,硅料/电池片,2021-12-31,2022-04-26,64829996083.91,46.6733022076,8109125091.4,127.5,25.3696860764,7474393433.33,5682791568.04,2915527149.08,13831244643.76,36.53,9.006296194908291,8.34930194360799,22.28305502326855,0.6469725787582536,-3.9891870131738782,-3.8483179001608914,2022-04-27,2022-05-06,2022-05-27,64829996083.91,8109125091.4,https://datacenter-web.eastmoney.com/api/data/v1/get?reportName=RPT_LICO_FN_CPD&columns=ALL&filter=%28SECURITY_CODE%3D%22600438%22%29&pageNumber=1&pageSize=500,https://datacenter-web.eastmoney.com/api/data/v1/get?reportName=RPT_DMSK_FN_CASHFLOW&columns=ALL&filter=%28SECURITY_CODE%3D%22600438%22%29&pageNumber=1&pageSize=500,https://datacenter-web.eastmoney.com/api/data/v1/get?reportName=RPT_DMSK_FN_BALANCE&columns=ALL&filter=%28SECURITY_CODE%3D%22600438%22%29&pageNumber=1&pageSize=500,https://push2his.eastmoney.com/api/qt/stock/kline/get?secid=1.600438&klt=101&fqt=0&beg=20190101&end=20260722&lmt=5000&fields1=f1%2Cf2%2Cf3%2Cf4%2Cf5%2Cf6&fields2=f51%2Cf52%2Cf53%2Cf54%2Cf55%2Cf56%2Cf57%2Cf58%2Cf59%2Cf60%2Cf61,https://push2his.eastmoney.com/api/qt/stock/kline/get?secid=0.399808&klt=101&fqt=0&beg=20190101&end=20260722&lmt=5000&fields1=f1%2Cf2%2Cf3%2Cf4%2Cf5%2Cf6&fields2=f51%2Cf52%2Cf53%2Cf54%2Cf55%2Cf56%2Cf57%2Cf58%2Cf59%2Cf60%2Cf61
600438,通威股份,硅料/电池片,2022-03-31,2022-04-26,24685190176.42,132.4903860906,5194494567.14,513.01,34.1108356113,3248916632.41,6569583958.33,3911097451,3121279289.12,36.53,9.006296194908291,8.34930194360799,22.28305502326855,0.6469725787582536,-3.9891870131738782,-3.8483179001608914,2022-04-27,2022-05-06,2022-05-27,78897461118.44,12456250264.480001,https://datacenter-web.eastmoney.com/api/data/v1/get?reportName=RPT_LICO_FN_CPD&columns=ALL&filter=%28SECURITY_CODE%3D%22600438%22%29&pageNumber=1&pageSize=500,https://datacenter-web.eastmoney.com/api/data/v1/get?reportName=RPT_DMSK_FN_CASHFLOW&columns=ALL&filter=%28SECURITY_CODE%3D%22600438%22%29&pageNumber=1&pageSize=500,https://datacenter-web.eastmoney.com/api/data/v1/get?reportName=RPT_DMSK_FN_BALANCE&columns=ALL&filter=%28SECURITY_CODE%3D%22600438%22%29&pageNumber=1&pageSize=500,https://push2his.eastmoney.com/api/qt/stock/kline/get?secid=1.600438&klt=101&fqt=0&beg=20190101&end=20260722&lmt=5000&fields1=f1%2Cf2%2Cf3%2Cf4%2Cf5%2Cf6&fields2=f51%2Cf52%2Cf53%2Cf54%2Cf55%2Cf56%2Cf57%2Cf58%2Cf59%2Cf60%2Cf61,https://push2his.eastmoney.com/api/qt/stock/kline/get?secid=0.399808&klt=101&fqt=0&beg=20190101&end=20260722&lmt=5000&fields1=f1%2Cf2%2Cf3%2Cf4%2Cf5%2Cf6&fields2=f51%2Cf52%2Cf53%2Cf54%2Cf55%2Cf56%2Cf57%2Cf58%2Cf59%2Cf60%2Cf61
600438,通威股份,硅料/电池片,2022-06-30,2022-08-18,60339214902.15,127.162137228,12223786707.59,312.17,35.0593888641,13436296655.9,7656426163.6,4438550050.02,8211710122.41,57.17,4.880181913591053,0.5422424348434429,-13.381143956620601,7.796717930867681,6.870825282749871,5.099819507185477,2022-08-19,2022-08-25,2022-09-16,98607031373.54,17367181756.469997,https://datacenter-web.eastmoney.com/api/data/v1/get?reportName=RPT_LICO_FN_CPD&columns=ALL&filter=%28SECURITY_CODE%3D%22600438%22%29&pageNumber=1&pageSize=500,https://datacenter-web.eastmoney.com/api/data/v1/get?reportName=RPT_DMSK_FN_CASHFLOW&columns=ALL&filter=%28SECURITY_CODE%3D%22600438%22%29&pageNumber=1&pageSize=500,https://datacenter-web.eastmoney.com/api/data/v1/get?reportName=RPT_DMSK_FN_BALANCE&columns=ALL&filter=%28SECURITY_CODE%3D%22600438%22%29&pageNumber=1&pageSize=500,https://push2his.eastmoney.com/api/qt/stock/kline/get?secid=1.600438&klt=101&fqt=0&beg=20190101&end=20260722&lmt=5000&fields1=f1%2Cf2%2Cf3%2Cf4%2Cf5%2Cf6&fields2=f51%2Cf52%2Cf53%2Cf54%2Cf55%2Cf56%2Cf57%2Cf58%2Cf59%2Cf60%2Cf61,https://push2his.eastmoney.com/api/qt/stock/kline/get?secid=0.399808&klt=101&fqt=0&beg=20190101&end=20260722&lmt=5000&fields1=f1%2Cf2%2Cf3%2Cf4%2Cf5%2Cf6&fields2=f51%2Cf52%2Cf53%2Cf54%2Cf55%2Cf56%2Cf57%2Cf58%2Cf59%2Cf60%2Cf61
600438,通威股份,硅料/电池片,2022-09-30,2022-10-26,102084174725.12,118.5968974571,21730400731.01,265.54,38.5859166537,28882591679.82,9885246259.51,3570735608.14,9882502755.61,47.73,-1.3618269432222885,-4.755918709407069,-7.29101194217473,-0.0519971318096335,-4.465326431477468,-3.5952950667181405,2022-10-27,2022-11-02,2022-11-23,120214434484.94,23894827421.109997,https://datacenter-web.eastmoney.com/api/data/v1/get?reportName=RPT_LICO_FN_CPD&columns=ALL&filter=%28SECURITY_CODE%3D%22600438%22%29&pageNumber=1&pageSize=500,https://datacenter-web.eastmoney.com/api/data/v1/get?reportName=RPT_DMSK_FN_CASHFLOW&columns=ALL&filter=%28SECURITY_CODE%3D%22600438%22%29&pageNumber=1&pageSize=500,https://datacenter-web.eastmoney.com/api/data/v1/get?reportName=RPT_DMSK_FN_BALANCE&columns=ALL&filter=%28SECURITY_CODE%3D%22600438%22%29&pageNumber=1&pageSize=500,https://push2his.eastmoney.com/api/qt/stock/kline/get?secid=1.600438&klt=101&fqt=0&beg=20190101&end=20260722&lmt=5000&fields1=f1%2Cf2%2Cf3%2Cf4%2Cf5%2Cf6&fields2=f51%2Cf52%2Cf53%2Cf54%2Cf55%2Cf56%2Cf57%2Cf58%2Cf59%2Cf60%2Cf61,https://push2his.eastmoney.com/api/qt/stock/kline/get?secid=0.399808&klt=101&fqt=0&beg=20190101&end=20260722&lmt=5000&fields1=f1%2Cf2%2Cf3%2Cf4%2Cf5%2Cf6&fields2=f51%2Cf52%2Cf53%2Cf54%2Cf55%2Cf56%2Cf57%2Cf58%2Cf59%2Cf60%2Cf61
600438,通威股份,硅料/电池片,2022-12-31,2023-04-25,142422517994.99,119.6861431407,25733777019.25,217.25,38.1699169352,43817909631.7,11002649108.38,4501362630.14,15217915448.02,37.95,6.0869565217391175,0.9486166007905084,1.133069828722011,0.8680327932762744,-1.4199532906443046,-1.1227274426634182,2023-04-26,2023-05-05,2023-05-26,142422517994.99,25733777019.25,https://datacenter-web.eastmoney.com/api/data/v1/get?reportName=RPT_LICO_FN_CPD&columns=ALL&filter=%28SECURITY_CODE%3D%22600438%22%29&pageNumber=1&pageSize=500,https://datacenter-web.eastmoney.com/api/data/v1/get?reportName=RPT_DMSK_FN_CASHFLOW&columns=ALL&filter=%28SECURITY_CODE%3D%22600438%22%29&pageNumber=1&pageSize=500,https://datacenter-web.eastmoney.com/api/data/v1/get?reportName=RPT_DMSK_FN_BALANCE&columns=ALL&filter=%28SECURITY_CODE%3D%22600438%22%29&pageNumber=1&pageSize=500,https://push2his.eastmoney.com/api/qt/stock/kline/get?secid=1.600438&klt=101&fqt=0&beg=20190101&end=20260722&lmt=5000&fields1=f1%2Cf2%2Cf3%2Cf4%2Cf5%2Cf6&fields2=f51%2Cf52%2Cf53%2Cf54%2Cf55%2Cf56%2Cf57%2Cf58%2Cf59%2Cf60%2Cf61,https://push2his.eastmoney.com/api/qt/stock/kline/get?secid=0.399808&klt=101&fqt=0&beg=20190101&end=20260722&lmt=5000&fields1=f1%2Cf2%2Cf3%2Cf4%2Cf5%2Cf6&fields2=f51%2Cf52%2Cf53%2Cf54%2Cf55%2Cf56%2Cf57%2Cf58%2Cf59%2Cf60%2Cf61
600438,通威股份,硅料/电池片,2023-03-31,2023-04-25,33244592718.88,34.6742418482,8601459571.72,65.59,43.1455425177,2245474956.52,14211389248.18,5119144709.95,6722759543.69,37.95,6.0869565217391175,0.9486166007905084,1.133069828722011,0.8680327932762744,-1.4199532906443046,-1.1227274426634182,2023-04-26,2023-05-05,2023-05-26,150981920537.45,29140742023.83,https://datacenter-web.eastmoney.com/api/data/v1/get?reportName=RPT_LICO_FN_CPD&columns=ALL&filter=%28SECURITY_CODE%3D%22600438%22%29&pageNumber=1&pageSize=500,https://datacenter-web.eastmoney.com/api/data/v1/get?reportName=RPT_DMSK_FN_CASHFLOW&columns=ALL&filter=%28SECURITY_CODE%3D%22600438%22%29&pageNumber=1&pageSize=500,https://datacenter-web.eastmoney.com/api/data/v1/get?reportName=RPT_DMSK_FN_BALANCE&columns=ALL&filter=%28SECURITY_CODE%3D%22600438%22%29&pageNumber=1&pageSize=500,https://push2his.eastmoney.com/api/qt/stock/kline/get?secid=1.600438&klt=101&fqt=0&beg=20190101&end=20260722&lmt=5000&fields1=f1%2Cf2%2Cf3%2Cf4%2Cf5%2Cf6&fields2=f51%2Cf52%2Cf53%2Cf54%2Cf55%2Cf56%2Cf57%2Cf58%2Cf59%2Cf60%2Cf61,https://push2his.eastmoney.com/api/qt/stock/kline/get?secid=0.399808&klt=101&fqt=0&beg=20190101&end=20260722&lmt=5000&fields1=f1%2Cf2%2Cf3%2Cf4%2Cf5%2Cf6&fields2=f51%2Cf52%2Cf53%2Cf54%2Cf55%2Cf56%2Cf57%2Cf58%2Cf59%2Cf60%2Cf61
600438,通威股份,硅料/电池片,2023-06-30,2023-08-22,74068157255.65,22.7529350121,13270242747.85,8.56,34.1404422667,21156133577.95,10295062998.79,5646346961.12,11710180394.76,31.5,-2.857142857142858,3.8412698412698454,-2.984126984126989,-0.0605905645587268,3.462116225180556,3.949360208644759,2023-08-23,2023-08-29,2023-09-19,156151460348.49,26780233059.51,https://datacenter-web.eastmoney.com/api/data/v1/get?reportName=RPT_LICO_FN_CPD&columns=ALL&filter=%28SECURITY_CODE%3D%22600438%22%29&pageNumber=1&pageSize=500,https://datacenter-web.eastmoney.com/api/data/v1/get?reportName=RPT_DMSK_FN_CASHFLOW&columns=ALL&filter=%28SECURITY_CODE%3D%22600438%22%29&pageNumber=1&pageSize=500,https://datacenter-web.eastmoney.com/api/data/v1/get?reportName=RPT_DMSK_FN_BALANCE&columns=ALL&filter=%28SECURITY_CODE%3D%22600438%22%29&pageNumber=1&pageSize=500,https://push2his.eastmoney.com/api/qt/stock/kline/get?secid=1.600438&klt=101&fqt=0&beg=20190101&end=20260722&lmt=5000&fields1=f1%2Cf2%2Cf3%2Cf4%2Cf5%2Cf6&fields2=f51%2Cf52%2Cf53%2Cf54%2Cf55%2Cf56%2Cf57%2Cf58%2Cf59%2Cf60%2Cf61,https://push2his.eastmoney.com/api/qt/stock/kline/get?secid=0.399808&klt=101&fqt=0&beg=20190101&end=20260722&lmt=5000&fields1=f1%2Cf2%2Cf3%2Cf4%2Cf5%2Cf6&fields2=f51%2Cf52%2Cf53%2Cf54%2Cf55%2Cf56%2Cf57%2Cf58%2Cf59%2Cf60%2Cf61
600438,通威股份,硅料/电池片,2023-09-30,2023-10-26,111420534739.54,9.1457466738,16301570420.15,-24.98,29.3228501354,21024868416.23,8939156239.43,7246927607.25,16534741001.22,27.28,1.5029325513196579,-4.618768328445755,-2.602639296187681,-2.3200013710068745,-5.101926804425883,-3.5528509656152507,2023-10-27,2023-11-02,2023-11-23,151758878009.40997,20304946708.390003,https://datacenter-web.eastmoney.com/api/data/v1/get?reportName=RPT_LICO_FN_CPD&columns=ALL&filter=%28SECURITY_CODE%3D%22600438%22%29&pageNumber=1&pageSize=500,https://datacenter-web.eastmoney.com/api/data/v1/get?reportName=RPT_DMSK_FN_CASHFLOW&columns=ALL&filter=%28SECURITY_CODE%3D%22600438%22%29&pageNumber=1&pageSize=500,https://datacenter-web.eastmoney.com/api/data/v1/get?reportName=RPT_DMSK_FN_BALANCE&columns=ALL&filter=%28SECURITY_CODE%3D%22600438%22%29&pageNumber=1&pageSize=500,https://push2his.eastmoney.com/api/qt/stock/kline/get?secid=1.600438&klt=101&fqt=0&beg=20190101&end=20260722&lmt=5000&fields1=f1%2Cf2%2Cf3%2Cf4%2Cf5%2Cf6&fields2=f51%2Cf52%2Cf53%2Cf54%2Cf55%2Cf56%2Cf57%2Cf58%2Cf59%2Cf60%2Cf61,https://push2his.eastmoney.com/api/qt/stock/kline/get?secid=0.399808&klt=101&fqt=0&beg=20190101&end=20260722&lmt=5000&fields1=f1%2Cf2%2Cf3%2Cf4%2Cf5%2Cf6&fields2=f51%2Cf52%2Cf53%2Cf54%2Cf55%2Cf56%2Cf57%2Cf58%2Cf59%2Cf60%2Cf61
600438,通威股份,硅料/电池片,2023-12-31,2024-04-30,139104062084.52,-2.3300078928,13573900132.37,-47.25,26.1601845204,30679303971.17,7788385427.12,6987853078.62,36452219440.59,21.7,1.4746543778801913,4.101382488479266,6.036866359447024,-0.43725403684595765,1.9226372796427693,6.970541972994438,2024-05-06,2024-05-10,2024-05-31,139104062084.52,13573900132.37,https://datacenter-web.eastmoney.com/api/data/v1/get?reportName=RPT_LICO_FN_CPD&columns=ALL&filter=%28SECURITY_CODE%3D%22600438%22%29&pageNumber=1&pageSize=500,https://datacenter-web.eastmoney.com/api/data/v1/get?reportName=RPT_DMSK_FN_CASHFLOW&columns=ALL&filter=%28SECURITY_CODE%3D%22600438%22%29&pageNumber=1&pageSize=500,https://datacenter-web.eastmoney.com/api/data/v1/get?reportName=RPT_DMSK_FN_BALANCE&columns=ALL&filter=%28SECURITY_CODE%3D%22600438%22%29&pageNumber=1&pageSize=500,https://push2his.eastmoney.com/api/qt/stock/kline/get?secid=1.600438&klt=101&fqt=0&beg=20190101&end=20260722&lmt=5000&fields1=f1%2Cf2%2Cf3%2Cf4%2Cf5%2Cf6&fields2=f51%2Cf52%2Cf53%2Cf54%2Cf55%2Cf56%2Cf57%2Cf58%2Cf59%2Cf60%2Cf61,https://push2his.eastmoney.com/api/qt/stock/kline/get?secid=0.399808&klt=101&fqt=0&beg=20190101&end=20260722&lmt=5000&fields1=f1%2Cf2%2Cf3%2Cf4%2Cf5%2Cf6&fields2=f51%2Cf52%2Cf53%2Cf54%2Cf55%2Cf56%2Cf57%2Cf58%2Cf59%2Cf60%2Cf61
601012,隆基绿能,硅片/组件,2020-09-30,2020-10-31,33831868391.64,49.0825451145,6356828043.41,82.44,27.8381650793,6260316561.52,10603609155.29,5941916086.87,3268265854.36,75.99,-2.974075536254761,-6.132385840242138,-8.540597447032495,-5.527240173094528,-10.53952914812375,-12.831209760614437,2020-11-02,2020-11-06,2020-11-27,44035943832.810005,8152105480.089999,https://datacenter-web.eastmoney.com/api/data/v1/get?reportName=RPT_LICO_FN_CPD&columns=ALL&filter=%28SECURITY_CODE%3D%22601012%22%29&pageNumber=1&pageSize=500,https://datacenter-web.eastmoney.com/api/data/v1/get?reportName=RPT_DMSK_FN_CASHFLOW&columns=ALL&filter=%28SECURITY_CODE%3D%22601012%22%29&pageNumber=1&pageSize=500,https://datacenter-web.eastmoney.com/api/data/v1/get?reportName=RPT_DMSK_FN_BALANCE&columns=ALL&filter=%28SECURITY_CODE%3D%22601012%22%29&pageNumber=1&pageSize=500,https://push2his.eastmoney.com/api/qt/stock/kline/get?secid=1.601012&klt=101&fqt=0&beg=20190101&end=20260722&lmt=5000&fields1=f1%2Cf2%2Cf3%2Cf4%2Cf5%2Cf6&fields2=f51%2Cf52%2Cf53%2Cf54%2Cf55%2Cf56%2Cf57%2Cf58%2Cf59%2Cf60%2Cf61,https://push2his.eastmoney.com/api/qt/stock/kline/get?secid=0.399808&klt=101&fqt=0&beg=20190101&end=20260722&lmt=5000&fields1=f1%2Cf2%2Cf3%2Cf4%2Cf5%2Cf6&fields2=f51%2Cf52%2Cf53%2Cf54%2Cf55%2Cf56%2Cf57%2Cf58%2Cf59%2Cf60%2Cf61
601012,隆基绿能,硅片/组件,2020-12-31,2021-04-21,54583183588.46,65.9191659383,8552369160.81,61.99,24.6184890218,11014879428.05,11452416318.73,7270501797.93,4826593637.9,92.44,-1.979662483773259,2.260926006057984,4.132410212029436,-2.3686832281605508,0.15296851732402583,-3.12727890994835,2021-04-22,2021-04-28,2021-05-24,54583183588.46,8552369160.81,https://datacenter-web.eastmoney.com/api/data/v1/get?reportName=RPT_LICO_FN_CPD&columns=ALL&filter=%28SECURITY_CODE%3D%22601012%22%29&pageNumber=1&pageSize=500,https://datacenter-web.eastmoney.com/api/data/v1/get?reportName=RPT_DMSK_FN_CASHFLOW&columns=ALL&filter=%28SECURITY_CODE%3D%22601012%22%29&pageNumber=1&pageSize=500,https://datacenter-web.eastmoney.com/api/data/v1/get?reportName=RPT_DMSK_FN_BALANCE&columns=ALL&filter=%28SECURITY_CODE%3D%22601012%22%29&pageNumber=1&pageSize=500,https://push2his.eastmoney.com/api/qt/stock/kline/get?secid=1.601012&klt=101&fqt=0&beg=20190101&end=20260722&lmt=5000&fields1=f1%2Cf2%2Cf3%2Cf4%2Cf5%2Cf6&fields2=f51%2Cf52%2Cf53%2Cf54%2Cf55%2Cf56%2Cf57%2Cf58%2Cf59%2Cf60%2Cf61,https://push2his.eastmoney.com/api/qt/stock/kline/get?secid=0.399808&klt=101&fqt=0&beg=20190101&end=20260722&lmt=5000&fields1=f1%2Cf2%2Cf3%2Cf4%2Cf5%2Cf6&fields2=f51%2Cf52%2Cf53%2Cf54%2Cf55%2Cf56%2Cf57%2Cf58%2Cf59%2Cf60%2Cf61
601012,隆基绿能,硅片/组件,2021-03-31,2021-04-21,15854205451.51,84.3638579207,2502196754,34.24,23.209523788,-1614854027.28,15187538554.58,8347201502.81,1103362940.66,92.44,-1.979662483773259,2.260926006057984,4.132410212029436,-2.3686832281605508,0.15296851732402583,-3.12727890994835,2021-04-22,2021-04-28,2021-05-24,61837978271.33,9190653124.390001,https://datacenter-web.eastmoney.com/api/data/v1/get?reportName=RPT_LICO_FN_CPD&columns=ALL&filter=%28SECURITY_CODE%3D%22601012%22%29&pageNumber=1&pageSize=500,https://datacenter-web.eastmoney.com/api/data/v1/get?reportName=RPT_DMSK_FN_CASHFLOW&columns=ALL&filter=%28SECURITY_CODE%3D%22601012%22%29&pageNumber=1&pageSize=500,https://datacenter-web.eastmoney.com/api/data/v1/get?reportName=RPT_DMSK_FN_BALANCE&columns=ALL&filter=%28SECURITY_CODE%3D%22601012%22%29&pageNumber=1&pageSize=500,https://push2his.eastmoney.com/api/qt/stock/kline/get?secid=1.601012&klt=101&fqt=0&beg=20190101&end=20260722&lmt=5000&fields1=f1%2Cf2%2Cf3%2Cf4%2Cf5%2Cf6&fields2=f51%2Cf52%2Cf53%2Cf54%2Cf55%2Cf56%2Cf57%2Cf58%2Cf59%2Cf60%2Cf61,https://push2his.eastmoney.com/api/qt/stock/kline/get?secid=0.399808&klt=101&fqt=0&beg=20190101&end=20260722&lmt=5000&fields1=f1%2Cf2%2Cf3%2Cf4%2Cf5%2Cf6&fields2=f51%2Cf52%2Cf53%2Cf54%2Cf55%2Cf56%2Cf57%2Cf58%2Cf59%2Cf60%2Cf61
601012,隆基绿能,硅片/组件,2021-06-30,2021-08-31,35098407416.11,74.2610446093,4993055634.33,21.3,22.7281770119,847446923.65,17511621503.53,9277218170.94,2303298012.45,89.46,-4.951933825173249,-2.1797451374916066,-7.802369774200746,0.6885264944129998,0.24218700967054696,-2.0714527409337102,2021-09-01,2021-09-07,2021-09-30,69540309575.43001,9429094128.15,https://datacenter-web.eastmoney.com/api/data/v1/get?reportName=RPT_LICO_FN_CPD&columns=ALL&filter=%28SECURITY_CODE%3D%22601012%22%29&pageNumber=1&pageSize=500,https://datacenter-web.eastmoney.com/api/data/v1/get?reportName=RPT_DMSK_FN_CASHFLOW&columns=ALL&filter=%28SECURITY_CODE%3D%22601012%22%29&pageNumber=1&pageSize=500,https://datacenter-web.eastmoney.com/api/data/v1/get?reportName=RPT_DMSK_FN_BALANCE&columns=ALL&filter=%28SECURITY_CODE%3D%22601012%22%29&pageNumber=1&pageSize=500,https://push2his.eastmoney.com/api/qt/stock/kline/get?secid=1.601012&klt=101&fqt=0&beg=20190101&end=20260722&lmt=5000&fields1=f1%2Cf2%2Cf3%2Cf4%2Cf5%2Cf6&fields2=f51%2Cf52%2Cf53%2Cf54%2Cf55%2Cf56%2Cf57%2Cf58%2Cf59%2Cf60%2Cf61,https://push2his.eastmoney.com/api/qt/stock/kline/get?secid=0.399808&klt=101&fqt=0&beg=20190101&end=20260722&lmt=5000&fields1=f1%2Cf2%2Cf3%2Cf4%2Cf5%2Cf6&fields2=f51%2Cf52%2Cf53%2Cf54%2Cf55%2Cf56%2Cf57%2Cf58%2Cf59%2Cf60%2Cf61
601012,隆基绿能,硅片/组件,2021-09-30,2021-10-29,56205836143.64,66.1328174164,7556052534.28,18.87,21.3021820574,4678288543.12,19951342681.49,8741553335.58,3379218704.21,97.69,2.569352031937777,-7.871839492271471,-10.584501996110152,3.569853368176479,-3.8441752059650502,-8.43901974617628,2021-11-01,2021-11-05,2021-11-26,76957151340.46,9751593651.68,https://datacenter-web.eastmoney.com/api/data/v1/get?reportName=RPT_LICO_FN_CPD&columns=ALL&filter=%28SECURITY_CODE%3D%22601012%22%29&pageNumber=1&pageSize=500,https://datacenter-web.eastmoney.com/api/data/v1/get?reportName=RPT_DMSK_FN_CASHFLOW&columns=ALL&filter=%28SECURITY_CODE%3D%22601012%22%29&pageNumber=1&pageSize=500,https://datacenter-web.eastmoney.com/api/data/v1/get?reportName=RPT_DMSK_FN_BALANCE&columns=ALL&filter=%28SECURITY_CODE%3D%22601012%22%29&pageNumber=1&pageSize=500,https://push2his.eastmoney.com/api/qt/stock/kline/get?secid=1.601012&klt=101&fqt=0&beg=20190101&end=20260722&lmt=5000&fields1=f1%2Cf2%2Cf3%2Cf4%2Cf5%2Cf6&fields2=f51%2Cf52%2Cf53%2Cf54%2Cf55%2Cf56%2Cf57%2Cf58%2Cf59%2Cf60%2Cf61,https://push2his.eastmoney.com/api/qt/stock/kline/get?secid=0.399808&klt=101&fqt=0&beg=20190101&end=20260722&lmt=5000&fields1=f1%2Cf2%2Cf3%2Cf4%2Cf5%2Cf6&fields2=f51%2Cf52%2Cf53%2Cf54%2Cf55%2Cf56%2Cf57%2Cf58%2Cf59%2Cf60%2Cf61
601012,隆基绿能,硅片/组件,2021-12-31,2022-04-28,80607866874.19,47.6789398763,9085880513.3,6.24,20.2167387852,12322606645.15,14075735210.03,7853446464.15,4903972039.7,64.58,5.233818519665534,5.946113347785698,22.6385877980799,0.8150139727330252,-0.15251941755665133,4.114763404192701,2022-04-29,2022-05-10,2022-05-31,80607866874.19,9085880513.3,https://datacenter-web.eastmoney.com/api/data/v1/get?reportName=RPT_LICO_FN_CPD&columns=ALL&filter=%28SECURITY_CODE%3D%22601012%22%29&pageNumber=1&pageSize=500,https://datacenter-web.eastmoney.com/api/data/v1/get?reportName=RPT_DMSK_FN_CASHFLOW&columns=ALL&filter=%28SECURITY_CODE%3D%22601012%22%29&pageNumber=1&pageSize=500,https://datacenter-web.eastmoney.com/api/data/v1/get?reportName=RPT_DMSK_FN_BALANCE&columns=ALL&filter=%28SECURITY_CODE%3D%22601012%22%29&pageNumber=1&pageSize=500,https://push2his.eastmoney.com/api/qt/stock/kline/get?secid=1.601012&klt=101&fqt=0&beg=20190101&end=20260722&lmt=5000&fields1=f1%2Cf2%2Cf3%2Cf4%2Cf5%2Cf6&fields2=f51%2Cf52%2Cf53%2Cf54%2Cf55%2Cf56%2Cf57%2Cf58%2Cf59%2Cf60%2Cf61,https://push2his.eastmoney.com/api/qt/stock/kline/get?secid=0.399808&klt=101&fqt=0&beg=20190101&end=20260722&lmt=5000&fields1=f1%2Cf2%2Cf3%2Cf4%2Cf5%2Cf6&fields2=f51%2Cf52%2Cf53%2Cf54%2Cf55%2Cf56%2Cf57%2Cf58%2Cf59%2Cf60%2Cf61
601012,隆基绿能,硅片/组件,2022-03-31,2022-04-28,18587391831.53,17.2395039813,2663883452.32,6.46,21.2804868866,-309175954.68,21571641348.81,5995858461.86,1063902447.13,64.58,5.233818519665534,5.946113347785698,22.6385877980799,0.8150139727330252,-0.15251941755665133,4.114763404192701,2022-04-29,2022-05-10,2022-05-31,83341053254.21,9247567211.619999,https://datacenter-web.eastmoney.com/api/data/v1/get?reportName=RPT_LICO_FN_CPD&columns=ALL&filter=%28SECURITY_CODE%3D%22601012%22%29&pageNumber=1&pageSize=500,https://datacenter-web.eastmoney.com/api/data/v1/get?reportName=RPT_DMSK_FN_CASHFLOW&columns=ALL&filter=%28SECURITY_CODE%3D%22601012%22%29&pageNumber=1&pageSize=500,https://datacenter-web.eastmoney.com/api/data/v1/get?reportName=RPT_DMSK_FN_BALANCE&columns=ALL&filter=%28SECURITY_CODE%3D%22601012%22%29&pageNumber=1&pageSize=500,https://push2his.eastmoney.com/api/qt/stock/kline/get?secid=1.601012&klt=101&fqt=0&beg=20190101&end=20260722&lmt=5000&fields1=f1%2Cf2%2Cf3%2Cf4%2Cf5%2Cf6&fields2=f51%2Cf52%2Cf53%2Cf54%2Cf55%2Cf56%2Cf57%2Cf58%2Cf59%2Cf60%2Cf61,https://push2his.eastmoney.com/api/qt/stock/kline/get?secid=0.399808&klt=101&fqt=0&beg=20190101&end=20260722&lmt=5000&fields1=f1%2Cf2%2Cf3%2Cf4%2Cf5%2Cf6&fields2=f51%2Cf52%2Cf53%2Cf54%2Cf55%2Cf56%2Cf57%2Cf58%2Cf59%2Cf60%2Cf61
601012,隆基绿能,硅片/组件,2022-06-30,2022-08-25,50369292202.08,43.5087683749,6480595993.15,29.79,17.6045645576,10698382425.38,24905948197.56,8223270259.52,2073346541.4,52.85,0.3973509933774766,-2.270577105014193,-8.155156102175976,0.9558060835930915,4.530599681735648,3.8722551084151124,2022-08-26,2022-09-01,2022-09-23,95878751660.16,10573420872.119999,https://datacenter-web.eastmoney.com/api/data/v1/get?reportName=RPT_LICO_FN_CPD&columns=ALL&filter=%28SECURITY_CODE%3D%22601012%22%29&pageNumber=1&pageSize=500,https://datacenter-web.eastmoney.com/api/data/v1/get?reportName=RPT_DMSK_FN_CASHFLOW&columns=ALL&filter=%28SECURITY_CODE%3D%22601012%22%29&pageNumber=1&pageSize=500,https://datacenter-web.eastmoney.com/api/data/v1/get?reportName=RPT_DMSK_FN_BALANCE&columns=ALL&filter=%28SECURITY_CODE%3D%22601012%22%29&pageNumber=1&pageSize=500,https://push2his.eastmoney.com/api/qt/stock/kline/get?secid=1.601012&klt=101&fqt=0&beg=20190101&end=20260722&lmt=5000&fields1=f1%2Cf2%2Cf3%2Cf4%2Cf5%2Cf6&fields2=f51%2Cf52%2Cf53%2Cf54%2Cf55%2Cf56%2Cf57%2Cf58%2Cf59%2Cf60%2Cf61,https://push2his.eastmoney.com/api/qt/stock/kline/get?secid=0.399808&klt=101&fqt=0&beg=20190101&end=20260722&lmt=5000&fields1=f1%2Cf2%2Cf3%2Cf4%2Cf5%2Cf6&fields2=f51%2Cf52%2Cf53%2Cf54%2Cf55%2Cf56%2Cf57%2Cf58%2Cf59%2Cf60%2Cf61
601012,隆基绿能,硅片/组件,2022-09-30,2022-10-29,86690830216.95,54.238129285,10976071939.89,45.26,16.1476029704,20501447596.13,25803800167.57,9145301713.96,3507335079.4,49.25,-2.5786802030456912,6.395939086294411,-7.14720812182742,-2.01030364643654,-3.9924991634485485,-6.394894629310577,2022-10-31,2022-11-04,2022-11-25,111092860947.50002,12505899918.91,https://datacenter-web.eastmoney.com/api/data/v1/get?reportName=RPT_LICO_FN_CPD&columns=ALL&filter=%28SECURITY_CODE%3D%22601012%22%29&pageNumber=1&pageSize=500,https://datacenter-web.eastmoney.com/api/data/v1/get?reportName=RPT_DMSK_FN_CASHFLOW&columns=ALL&filter=%28SECURITY_CODE%3D%22601012%22%29&pageNumber=1&pageSize=500,https://datacenter-web.eastmoney.com/api/data/v1/get?reportName=RPT_DMSK_FN_BALANCE&columns=ALL&filter=%28SECURITY_CODE%3D%22601012%22%29&pageNumber=1&pageSize=500,https://push2his.eastmoney.com/api/qt/stock/kline/get?secid=1.601012&klt=101&fqt=0&beg=20190101&end=20260722&lmt=5000&fields1=f1%2Cf2%2Cf3%2Cf4%2Cf5%2Cf6&fields2=f51%2Cf52%2Cf53%2Cf54%2Cf55%2Cf56%2Cf57%2Cf58%2Cf59%2Cf60%2Cf61,https://push2his.eastmoney.com/api/qt/stock/kline/get?secid=0.399808&klt=101&fqt=0&beg=20190101&end=20260722&lmt=5000&fields1=f1%2Cf2%2Cf3%2Cf4%2Cf5%2Cf6&fields2=f51%2Cf52%2Cf53%2Cf54%2Cf55%2Cf56%2Cf57%2Cf58%2Cf59%2Cf60%2Cf61
601012,隆基绿能,硅片/组件,2022-12-31,2023-04-28,128998111551.18,60.0316650886,14811576797.86,63.02,15.3754324991,24370135419.56,19317555540.96,9075746512.31,5007729066.17,34.87,-2.236879839403483,-4.186980212216806,-17.350157728706616,-1.5747787059258722,-2.76659210895539,-10.992669233125563,2023-05-04,2023-05-10,2023-05-31,128998111551.18,14811576797.86,https://datacenter-web.eastmoney.com/api/data/v1/get?reportName=RPT_LICO_FN_CPD&columns=ALL&filter=%28SECURITY_CODE%3D%22601012%22%29&pageNumber=1&pageSize=500,https://datacenter-web.eastmoney.com/api/data/v1/get?reportName=RPT_DMSK_FN_CASHFLOW&columns=ALL&filter=%28SECURITY_CODE%3D%22601012%22%29&pageNumber=1&pageSize=500,https://datacenter-web.eastmoney.com/api/data/v1/get?reportName=RPT_DMSK_FN_BALANCE&columns=ALL&filter=%28SECURITY_CODE%3D%22601012%22%29&pageNumber=1&pageSize=500,https://push2his.eastmoney.com/api/qt/stock/kline/get?secid=1.601012&klt=101&fqt=0&beg=20190101&end=20260722&lmt=5000&fields1=f1%2Cf2%2Cf3%2Cf4%2Cf5%2Cf6&fields2=f51%2Cf52%2Cf53%2Cf54%2Cf55%2Cf56%2Cf57%2Cf58%2Cf59%2Cf60%2Cf61,https://push2his.eastmoney.com/api/qt/stock/kline/get?secid=0.399808&klt=101&fqt=0&beg=20190101&end=20260722&lmt=5000&fields1=f1%2Cf2%2Cf3%2Cf4%2Cf5%2Cf6&fields2=f51%2Cf52%2Cf53%2Cf54%2Cf55%2Cf56%2Cf57%2Cf58%2Cf59%2Cf60%2Cf61
601012,隆基绿能,硅片/组件,2023-03-31,2023-04-28,28318772670.38,52.354740929,3637422601.1,36.55,17.9104201629,-3325614430.87,22541110671.37,10855787235.58,2013208224.43,34.87,-2.236879839403483,-4.186980212216806,-17.350157728706616,-1.5747787059258722,-2.76659210895539,-10.992669233125563,2023-05-04,2023-05-10,2023-05-31,138729492390.03,15785115946.64,https://datacenter-web.eastmoney.com/api/data/v1/get?reportName=RPT_LICO_FN_CPD&columns=ALL&filter=%28SECURITY_CODE%3D%22601012%22%29&pageNumber=1&pageSize=500,https://datacenter-web.eastmoney.com/api/data/v1/get?reportName=RPT_DMSK_FN_CASHFLOW&columns=ALL&filter=%28SECURITY_CODE%3D%22601012%22%29&pageNumber=1&pageSize=500,https://datacenter-web.eastmoney.com/api/data/v1/get?reportName=RPT_DMSK_FN_BALANCE&columns=ALL&filter=%28SECURITY_CODE%3D%22601012%22%29&pageNumber=1&pageSize=500,https://push2his.eastmoney.com/api/qt/stock/kline/get?secid=1.601012&klt=101&fqt=0&beg=20190101&end=20260722&lmt=5000&fields1=f1%2Cf2%2Cf3%2Cf4%2Cf5%2Cf6&fields2=f51%2Cf52%2Cf53%2Cf54%2Cf55%2Cf56%2Cf57%2Cf58%2Cf59%2Cf60%2Cf61,https://push2his.eastmoney.com/api/qt/stock/kline/get?secid=0.399808&klt=101&fqt=0&beg=20190101&end=20260722&lmt=5000&fields1=f1%2Cf2%2Cf3%2Cf4%2Cf5%2Cf6&fields2=f51%2Cf52%2Cf53%2Cf54%2Cf55%2Cf56%2Cf57%2Cf58%2Cf59%2Cf60%2Cf61
601012,隆基绿能,硅片/组件,2023-06-30,2023-08-31,64652383091.16,28.3567432947,9178377606.99,41.63,19.9377066849,5196965684.96,22237236347.6,12509274780.64,5584857695.16,26.55,0.11299435028246929,0.7156308851224091,2.7495291902071672,0.09989391360125666,2.907373640183941,8.629243362497762,2023-09-01,2023-09-07,2023-09-28,143281202440.26,17509358411.699997,https://datacenter-web.eastmoney.com/api/data/v1/get?reportName=RPT_LICO_FN_CPD&columns=ALL&filter=%28SECURITY_CODE%3D%22601012%22%29&pageNumber=1&pageSize=500,https://datacenter-web.eastmoney.com/api/data/v1/get?reportName=RPT_DMSK_FN_CASHFLOW&columns=ALL&filter=%28SECURITY_CODE%3D%22601012%22%29&pageNumber=1&pageSize=500,https://datacenter-web.eastmoney.com/api/data/v1/get?reportName=RPT_DMSK_FN_BALANCE&columns=ALL&filter=%28SECURITY_CODE%3D%22601012%22%29&pageNumber=1&pageSize=500,https://push2his.eastmoney.com/api/qt/stock/kline/get?secid=1.601012&klt=101&fqt=0&beg=20190101&end=20260722&lmt=5000&fields1=f1%2Cf2%2Cf3%2Cf4%2Cf5%2Cf6&fields2=f51%2Cf52%2Cf53%2Cf54%2Cf55%2Cf56%2Cf57%2Cf58%2Cf59%2Cf60%2Cf61,https://push2his.eastmoney.com/api/qt/stock/kline/get?secid=0.399808&klt=101&fqt=0&beg=20190101&end=20260722&lmt=5000&fields1=f1%2Cf2%2Cf3%2Cf4%2Cf5%2Cf6&fields2=f51%2Cf52%2Cf53%2Cf54%2Cf55%2Cf56%2Cf57%2Cf58%2Cf59%2Cf60%2Cf61
601012,隆基绿能,硅片/组件,2023-09-30,2023-10-31,94100142094.42,8.5468230711,11693716357.94,6.54,20.2565157012,9383612353.59,24810419512.3,11049022808.17,7713177268.13,24.13,-3.315375051802738,-2.9009531703273916,-9.241607956900122,-2.402825831540667,-4.122727991799668,-4.0314902732000775,2023-11-01,2023-11-07,2023-11-28,136407423428.64998,15529221215.910004,https://datacenter-web.eastmoney.com/api/data/v1/get?reportName=RPT_LICO_FN_CPD&columns=ALL&filter=%28SECURITY_CODE%3D%22601012%22%29&pageNumber=1&pageSize=500,https://datacenter-web.eastmoney.com/api/data/v1/get?reportName=RPT_DMSK_FN_CASHFLOW&columns=ALL&filter=%28SECURITY_CODE%3D%22601012%22%29&pageNumber=1&pageSize=500,https://datacenter-web.eastmoney.com/api/data/v1/get?reportName=RPT_DMSK_FN_BALANCE&columns=ALL&filter=%28SECURITY_CODE%3D%22601012%22%29&pageNumber=1&pageSize=500,https://push2his.eastmoney.com/api/qt/stock/kline/get?secid=1.601012&klt=101&fqt=0&beg=20190101&end=20260722&lmt=5000&fields1=f1%2Cf2%2Cf3%2Cf4%2Cf5%2Cf6&fields2=f51%2Cf52%2Cf53%2Cf54%2Cf55%2Cf56%2Cf57%2Cf58%2Cf59%2Cf60%2Cf61,https://push2his.eastmoney.com/api/qt/stock/kline/get?secid=0.399808&klt=101&fqt=0&beg=20190101&end=20260722&lmt=5000&fields1=f1%2Cf2%2Cf3%2Cf4%2Cf5%2Cf6&fields2=f51%2Cf52%2Cf53%2Cf54%2Cf55%2Cf56%2Cf57%2Cf58%2Cf59%2Cf60%2Cf61
601012,隆基绿能,硅片/组件,2023-12-31,2024-04-30,129497674192.2,0.3872635305,10751425556.38,-27.41,18.5372707926,8117363683.48,21539560787.57,10855845347.33,9255563996.45,18.2,1.7032967032967194,2.3076923076923217,2.1428571428571352,-0.20861171142942947,0.128947098855825,3.0765327564045486,2024-05-06,2024-05-10,2024-05-31,129497674192.2,10751425556.38,https://datacenter-web.eastmoney.com/api/data/v1/get?reportName=RPT_LICO_FN_CPD&columns=ALL&filter=%28SECURITY_CODE%3D%22601012%22%29&pageNumber=1&pageSize=500,https://datacenter-web.eastmoney.com/api/data/v1/get?reportName=RPT_DMSK_FN_CASHFLOW&columns=ALL&filter=%28SECURITY_CODE%3D%22601012%22%29&pageNumber=1&pageSize=500,https://datacenter-web.eastmoney.com/api/data/v1/get?reportName=RPT_DMSK_FN_BALANCE&columns=ALL&filter=%28SECURITY_CODE%3D%22601012%22%29&pageNumber=1&pageSize=500,https://push2his.eastmoney.com/api/qt/stock/kline/get?secid=1.601012&klt=101&fqt=0&beg=20190101&end=20260722&lmt=5000&fields1=f1%2Cf2%2Cf3%2Cf4%2Cf5%2Cf6&fields2=f51%2Cf52%2Cf53%2Cf54%2Cf55%2Cf56%2Cf57%2Cf58%2Cf59%2Cf60%2Cf61,https://push2his.eastmoney.com/api/qt/stock/kline/get?secid=0.399808&klt=101&fqt=0&beg=20190101&end=20260722&lmt=5000&fields1=f1%2Cf2%2Cf3%2Cf4%2Cf5%2Cf6&fields2=f51%2Cf52%2Cf53%2Cf54%2Cf55%2Cf56%2Cf57%2Cf58%2Cf59%2Cf60%2Cf61
603606,东方电缆,海缆,2020-09-30,2020-10-23,3522288897.34,37.1452051363,613370761.85,102.85,30.824253971,553621525.83,747274129.61,2286759752.48,284983952.34,21.75,1.425287356321836,0.5517241379310311,0.0,-1.0305914946320271,-4.27404031995875,-8.334729804817375,2020-10-26,2020-10-30,2020-11-20,4644428088.460001,763137569.9200001,https://datacenter-web.eastmoney.com/api/data/v1/get?reportName=RPT_LICO_FN_CPD&columns=ALL&filter=%28SECURITY_CODE%3D%22603606%22%29&pageNumber=1&pageSize=500,https://datacenter-web.eastmoney.com/api/data/v1/get?reportName=RPT_DMSK_FN_CASHFLOW&columns=ALL&filter=%28SECURITY_CODE%3D%22603606%22%29&pageNumber=1&pageSize=500,https://datacenter-web.eastmoney.com/api/data/v1/get?reportName=RPT_DMSK_FN_BALANCE&columns=ALL&filter=%28SECURITY_CODE%3D%22603606%22%29&pageNumber=1&pageSize=500,https://push2his.eastmoney.com/api/qt/stock/kline/get?secid=1.603606&klt=101&fqt=0&beg=20190101&end=20260722&lmt=5000&fields1=f1%2Cf2%2Cf3%2Cf4%2Cf5%2Cf6&fields2=f51%2Cf52%2Cf53%2Cf54%2Cf55%2Cf56%2Cf57%2Cf58%2Cf59%2Cf60%2Cf61,https://push2his.eastmoney.com/api/qt/stock/kline/get?secid=0.399808&klt=101&fqt=0&beg=20190101&end=20260722&lmt=5000&fields1=f1%2Cf2%2Cf3%2Cf4%2Cf5%2Cf6&fields2=f51%2Cf52%2Cf53%2Cf54%2Cf55%2Cf56%2Cf57%2Cf58%2Cf59%2Cf60%2Cf61
603606,东方电缆,海缆,2020-12-31,2021-03-27,5052336113.63,36.9036918932,887347934.9,96.26,30.5521682599,693984410.82,949602047.3,1791822244.58,491158269.22,23.17,0.0,0.04315925766076312,-1.596892533448424,0.9750778156563,-2.0672154573680768,-6.376291323688477,2021-03-29,2021-04-02,2021-04-26,5052336113.63,887347934.9,https://datacenter-web.eastmoney.com/api/data/v1/get?reportName=RPT_LICO_FN_CPD&columns=ALL&filter=%28SECURITY_CODE%3D%22603606%22%29&pageNumber=1&pageSize=500,https://datacenter-web.eastmoney.com/api/data/v1/get?reportName=RPT_DMSK_FN_CASHFLOW&columns=ALL&filter=%28SECURITY_CODE%3D%22603606%22%29&pageNumber=1&pageSize=500,https://datacenter-web.eastmoney.com/api/data/v1/get?reportName=RPT_DMSK_FN_BALANCE&columns=ALL&filter=%28SECURITY_CODE%3D%22603606%22%29&pageNumber=1&pageSize=500,https://push2his.eastmoney.com/api/qt/stock/kline/get?secid=1.603606&klt=101&fqt=0&beg=20190101&end=20260722&lmt=5000&fields1=f1%2Cf2%2Cf3%2Cf4%2Cf5%2Cf6&fields2=f51%2Cf52%2Cf53%2Cf54%2Cf55%2Cf56%2Cf57%2Cf58%2Cf59%2Cf60%2Cf61,https://push2his.eastmoney.com/api/qt/stock/kline/get?secid=0.399808&klt=101&fqt=0&beg=20190101&end=20260722&lmt=5000&fields1=f1%2Cf2%2Cf3%2Cf4%2Cf5%2Cf6&fields2=f51%2Cf52%2Cf53%2Cf54%2Cf55%2Cf56%2Cf57%2Cf58%2Cf59%2Cf60%2Cf61
603606,东方电缆,海缆,2021-03-31,2021-04-21,1445926477.03,115.3495214395,277881718.76,245.19,29.8746415113,16501529.57,1128488924.4,1920561692.96,230965869.7,22.67,-0.48522276135863907,2.1614468460520397,-12.527569475077204,-0.8742435057459308,0.05348935731808169,-19.78725859705499,2021-04-22,2021-04-28,2021-05-24,5826830182.84,1084729023.2699997,https://datacenter-web.eastmoney.com/api/data/v1/get?reportName=RPT_LICO_FN_CPD&columns=ALL&filter=%28SECURITY_CODE%3D%22603606%22%29&pageNumber=1&pageSize=500,https://datacenter-web.eastmoney.com/api/data/v1/get?reportName=RPT_DMSK_FN_CASHFLOW&columns=ALL&filter=%28SECURITY_CODE%3D%22603606%22%29&pageNumber=1&pageSize=500,https://datacenter-web.eastmoney.com/api/data/v1/get?reportName=RPT_DMSK_FN_BALANCE&columns=ALL&filter=%28SECURITY_CODE%3D%22603606%22%29&pageNumber=1&pageSize=500,https://push2his.eastmoney.com/api/qt/stock/kline/get?secid=1.603606&klt=101&fqt=0&beg=20190101&end=20260722&lmt=5000&fields1=f1%2Cf2%2Cf3%2Cf4%2Cf5%2Cf6&fields2=f51%2Cf52%2Cf53%2Cf54%2Cf55%2Cf56%2Cf57%2Cf58%2Cf59%2Cf60%2Cf61,https://push2his.eastmoney.com/api/qt/stock/kline/get?secid=0.399808&klt=101&fqt=0&beg=20190101&end=20260722&lmt=5000&fields1=f1%2Cf2%2Cf3%2Cf4%2Cf5%2Cf6&fields2=f51%2Cf52%2Cf53%2Cf54%2Cf55%2Cf56%2Cf57%2Cf58%2Cf59%2Cf60%2Cf61
603606,东方电缆,海缆,2021-06-30,2021-07-29,3386730797.52,59.5722806932,636952790.17,74.43,29.7695946441,-177260497.95,1334561682.49,2081571154.42,392046630.64,23.8,3.6974789915966255,7.016806722689073,3.5714285714285587,2.9970843934696623,2.1714240672463525,-2.247812242723235,2021-07-30,2021-08-05,2021-08-26,6316686518.509999,1159146645.98,https://datacenter-web.eastmoney.com/api/data/v1/get?reportName=RPT_LICO_FN_CPD&columns=ALL&filter=%28SECURITY_CODE%3D%22603606%22%29&pageNumber=1&pageSize=500,https://datacenter-web.eastmoney.com/api/data/v1/get?reportName=RPT_DMSK_FN_CASHFLOW&columns=ALL&filter=%28SECURITY_CODE%3D%22603606%22%29&pageNumber=1&pageSize=500,https://datacenter-web.eastmoney.com/api/data/v1/get?reportName=RPT_DMSK_FN_BALANCE&columns=ALL&filter=%28SECURITY_CODE%3D%22603606%22%29&pageNumber=1&pageSize=500,https://push2his.eastmoney.com/api/qt/stock/kline/get?secid=1.603606&klt=101&fqt=0&beg=20190101&end=20260722&lmt=5000&fields1=f1%2Cf2%2Cf3%2Cf4%2Cf5%2Cf6&fields2=f51%2Cf52%2Cf53%2Cf54%2Cf55%2Cf56%2Cf57%2Cf58%2Cf59%2Cf60%2Cf61,https://push2his.eastmoney.com/api/qt/stock/kline/get?secid=0.399808&klt=101&fqt=0&beg=20190101&end=20260722&lmt=5000&fields1=f1%2Cf2%2Cf3%2Cf4%2Cf5%2Cf6&fields2=f51%2Cf52%2Cf53%2Cf54%2Cf55%2Cf56%2Cf57%2Cf58%2Cf59%2Cf60%2Cf61
603606,东方电缆,海缆,2021-09-30,2021-10-22,5773265642.26,63.9066473684,961495728.99,56.76,27.9098746256,-170704949.76,1423259439.68,3190131570.1,496315335.74,34.16,3.1615925058548155,32.08430913348948,72.21896955503514,-0.6783479496940803,24.953776532056683,68.23059087262529,2021-10-25,2021-10-29,2021-11-19,7303312858.549999,1235472902.04,https://datacenter-web.eastmoney.com/api/data/v1/get?reportName=RPT_LICO_FN_CPD&columns=ALL&filter=%28SECURITY_CODE%3D%22603606%22%29&pageNumber=1&pageSize=500,https://datacenter-web.eastmoney.com/api/data/v1/get?reportName=RPT_DMSK_FN_CASHFLOW&columns=ALL&filter=%28SECURITY_CODE%3D%22603606%22%29&pageNumber=1&pageSize=500,https://datacenter-web.eastmoney.com/api/data/v1/get?reportName=RPT_DMSK_FN_BALANCE&columns=ALL&filter=%28SECURITY_CODE%3D%22603606%22%29&pageNumber=1&pageSize=500,https://push2his.eastmoney.com/api/qt/stock/kline/get?secid=1.603606&klt=101&fqt=0&beg=20190101&end=20260722&lmt=5000&fields1=f1%2Cf2%2Cf3%2Cf4%2Cf5%2Cf6&fields2=f51%2Cf52%2Cf53%2Cf54%2Cf55%2Cf56%2Cf57%2Cf58%2Cf59%2Cf60%2Cf61,https://push2his.eastmoney.com/api/qt/stock/kline/get?secid=0.399808&klt=101&fqt=0&beg=20190101&end=20260722&lmt=5000&fields1=f1%2Cf2%2Cf3%2Cf4%2Cf5%2Cf6&fields2=f51%2Cf52%2Cf53%2Cf54%2Cf55%2Cf56%2Cf57%2Cf58%2Cf59%2Cf60%2Cf61
603606,东方电缆,海缆,2021-12-31,2022-03-25,7932209015.44,57.0008177809,1188825151.11,33.98,25.3384926031,586145197.9,1517726938.84,2446729096.9,708092532.98,55.6,-3.4892086330935324,-8.830935251798566,-27.42805755395683,-1.9124416836314717,-8.471962498247976,-1.2047848494519342,2022-03-28,2022-04-01,2022-04-26,7932209015.44,1188825151.11,https://datacenter-web.eastmoney.com/api/data/v1/get?reportName=RPT_LICO_FN_CPD&columns=ALL&filter=%28SECURITY_CODE%3D%22603606%22%29&pageNumber=1&pageSize=500,https://datacenter-web.eastmoney.com/api/data/v1/get?reportName=RPT_DMSK_FN_CASHFLOW&columns=ALL&filter=%28SECURITY_CODE%3D%22603606%22%29&pageNumber=1&pageSize=500,https://datacenter-web.eastmoney.com/api/data/v1/get?reportName=RPT_DMSK_FN_BALANCE&columns=ALL&filter=%28SECURITY_CODE%3D%22603606%22%29&pageNumber=1&pageSize=500,https://push2his.eastmoney.com/api/qt/stock/kline/get?secid=1.603606&klt=101&fqt=0&beg=20190101&end=20260722&lmt=5000&fields1=f1%2Cf2%2Cf3%2Cf4%2Cf5%2Cf6&fields2=f51%2Cf52%2Cf53%2Cf54%2Cf55%2Cf56%2Cf57%2Cf58%2Cf59%2Cf60%2Cf61,https://push2his.eastmoney.com/api/qt/stock/kline/get?secid=0.399808&klt=101&fqt=0&beg=20190101&end=20260722&lmt=5000&fields1=f1%2Cf2%2Cf3%2Cf4%2Cf5%2Cf6&fields2=f51%2Cf52%2Cf53%2Cf54%2Cf55%2Cf56%2Cf57%2Cf58%2Cf59%2Cf60%2Cf61
603606,东方电缆,海缆,2022-03-31,2022-04-23,1816070541.74,25.5990930791,278336008.5,0.16,27.1392767083,-844093061.52,1479799921.81,3323698866.14,111796481.66,43.05,-3.7630662020905814,9.941927990708477,34.19279907084787,3.617356525444404,5.973969122341227,19.664665316111886,2022-04-25,2022-04-29,2022-05-25,8302353080.150001,1189279440.85,https://datacenter-web.eastmoney.com/api/data/v1/get?reportName=RPT_LICO_FN_CPD&columns=ALL&filter=%28SECURITY_CODE%3D%22603606%22%29&pageNumber=1&pageSize=500,https://datacenter-web.eastmoney.com/api/data/v1/get?reportName=RPT_DMSK_FN_CASHFLOW&columns=ALL&filter=%28SECURITY_CODE%3D%22603606%22%29&pageNumber=1&pageSize=500,https://datacenter-web.eastmoney.com/api/data/v1/get?reportName=RPT_DMSK_FN_BALANCE&columns=ALL&filter=%28SECURITY_CODE%3D%22603606%22%29&pageNumber=1&pageSize=500,https://push2his.eastmoney.com/api/qt/stock/kline/get?secid=1.603606&klt=101&fqt=0&beg=20190101&end=20260722&lmt=5000&fields1=f1%2Cf2%2Cf3%2Cf4%2Cf5%2Cf6&fields2=f51%2Cf52%2Cf53%2Cf54%2Cf55%2Cf56%2Cf57%2Cf58%2Cf59%2Cf60%2Cf61,https://push2his.eastmoney.com/api/qt/stock/kline/get?secid=0.399808&klt=101&fqt=0&beg=20190101&end=20260722&lmt=5000&fields1=f1%2Cf2%2Cf3%2Cf4%2Cf5%2Cf6&fields2=f51%2Cf52%2Cf53%2Cf54%2Cf55%2Cf56%2Cf57%2Cf58%2Cf59%2Cf60%2Cf61
603606,东方电缆,海缆,2022-06-30,2022-08-06,3859470355.08,13.95858088,522171541.52,-18.02,23.6639276982,-500850196.68,1233074007.16,2867620049.92,158285579.09,75.34,1.765330501725515,-0.9822139633660854,-1.6724183700557504,1.092543324312789,-2.126350818924383,6.4863866060836495,2022-08-08,2022-08-12,2022-09-02,8404948573.0,1074043902.46,https://datacenter-web.eastmoney.com/api/data/v1/get?reportName=RPT_LICO_FN_CPD&columns=ALL&filter=%28SECURITY_CODE%3D%22603606%22%29&pageNumber=1&pageSize=500,https://datacenter-web.eastmoney.com/api/data/v1/get?reportName=RPT_DMSK_FN_CASHFLOW&columns=ALL&filter=%28SECURITY_CODE%3D%22603606%22%29&pageNumber=1&pageSize=500,https://datacenter-web.eastmoney.com/api/data/v1/get?reportName=RPT_DMSK_FN_BALANCE&columns=ALL&filter=%28SECURITY_CODE%3D%22603606%22%29&pageNumber=1&pageSize=500,https://push2his.eastmoney.com/api/qt/stock/kline/get?secid=1.603606&klt=101&fqt=0&beg=20190101&end=20260722&lmt=5000&fields1=f1%2Cf2%2Cf3%2Cf4%2Cf5%2Cf6&fields2=f51%2Cf52%2Cf53%2Cf54%2Cf55%2Cf56%2Cf57%2Cf58%2Cf59%2Cf60%2Cf61,https://push2his.eastmoney.com/api/qt/stock/kline/get?secid=0.399808&klt=101&fqt=0&beg=20190101&end=20260722&lmt=5000&fields1=f1%2Cf2%2Cf3%2Cf4%2Cf5%2Cf6&fields2=f51%2Cf52%2Cf53%2Cf54%2Cf55%2Cf56%2Cf57%2Cf58%2Cf59%2Cf60%2Cf61
603606,东方电缆,海缆,2022-09-30,2022-10-28,5664690689.82,-1.8806505567,736249474.04,-23.43,23.6126096691,-802936220.82,1094305690,3098365815.61,231177188.09,78.18,-1.5093374264517845,-3.3640317216679594,-12.420056280378622,-0.940960869842633,-13.75246997141092,-11.66774278786178,2022-10-31,2022-11-04,2022-11-25,7823634062.999998,963578896.1599998,https://datacenter-web.eastmoney.com/api/data/v1/get?reportName=RPT_LICO_FN_CPD&columns=ALL&filter=%28SECURITY_CODE%3D%22603606%22%29&pageNumber=1&pageSize=500,https://datacenter-web.eastmoney.com/api/data/v1/get?reportName=RPT_DMSK_FN_CASHFLOW&columns=ALL&filter=%28SECURITY_CODE%3D%22603606%22%29&pageNumber=1&pageSize=500,https://datacenter-web.eastmoney.com/api/data/v1/get?reportName=RPT_DMSK_FN_BALANCE&columns=ALL&filter=%28SECURITY_CODE%3D%22603606%22%29&pageNumber=1&pageSize=500,https://push2his.eastmoney.com/api/qt/stock/kline/get?secid=1.603606&klt=101&fqt=0&beg=20190101&end=20260722&lmt=5000&fields1=f1%2Cf2%2Cf3%2Cf4%2Cf5%2Cf6&fields2=f51%2Cf52%2Cf53%2Cf54%2Cf55%2Cf56%2Cf57%2Cf58%2Cf59%2Cf60%2Cf61,https://push2his.eastmoney.com/api/qt/stock/kline/get?secid=0.399808&klt=101&fqt=0&beg=20190101&end=20260722&lmt=5000&fields1=f1%2Cf2%2Cf3%2Cf4%2Cf5%2Cf6&fields2=f51%2Cf52%2Cf53%2Cf54%2Cf55%2Cf56%2Cf57%2Cf58%2Cf59%2Cf60%2Cf61
603606,东方电缆,海缆,2022-12-31,2023-03-10,7008925593.41,-11.6396759116,841902934.15,-29.14,22.379724112,647241794.35,1320824624.6,2335802886.59,443843287.65,50.43,-1.150109062066229,-5.810033710093199,-6.761848106285939,0.02601908405381881,0.579686462975626,-4.092743679811372,2023-03-13,2023-03-17,2023-04-10,7008925593.41,841902934.15,https://datacenter-web.eastmoney.com/api/data/v1/get?reportName=RPT_LICO_FN_CPD&columns=ALL&filter=%28SECURITY_CODE%3D%22603606%22%29&pageNumber=1&pageSize=500,https://datacenter-web.eastmoney.com/api/data/v1/get?reportName=RPT_DMSK_FN_CASHFLOW&columns=ALL&filter=%28SECURITY_CODE%3D%22603606%22%29&pageNumber=1&pageSize=500,https://datacenter-web.eastmoney.com/api/data/v1/get?reportName=RPT_DMSK_FN_BALANCE&columns=ALL&filter=%28SECURITY_CODE%3D%22603606%22%29&pageNumber=1&pageSize=500,https://push2his.eastmoney.com/api/qt/stock/kline/get?secid=1.603606&klt=101&fqt=0&beg=20190101&end=20260722&lmt=5000&fields1=f1%2Cf2%2Cf3%2Cf4%2Cf5%2Cf6&fields2=f51%2Cf52%2Cf53%2Cf54%2Cf55%2Cf56%2Cf57%2Cf58%2Cf59%2Cf60%2Cf61,https://push2his.eastmoney.com/api/qt/stock/kline/get?secid=0.399808&klt=101&fqt=0&beg=20190101&end=20260722&lmt=5000&fields1=f1%2Cf2%2Cf3%2Cf4%2Cf5%2Cf6&fields2=f51%2Cf52%2Cf53%2Cf54%2Cf55%2Cf56%2Cf57%2Cf58%2Cf59%2Cf60%2Cf61
603606,东方电缆,海缆,2023-03-31,2023-04-22,1437884633.02,-20.8244063228,255806690.8,-8.1,30.9557432995,-327470142.65,1623767777.82,2993185628.14,221138869.78,42.05,10.011890606420938,11.414982164090382,26.373365041617134,12.276923549987174,12.59111956350183,28.128293555380512,2023-04-24,2023-04-28,2023-05-24,6630739684.690001,819373616.45,https://datacenter-web.eastmoney.com/api/data/v1/get?reportName=RPT_LICO_FN_CPD&columns=ALL&filter=%28SECURITY_CODE%3D%22603606%22%29&pageNumber=1&pageSize=500,https://datacenter-web.eastmoney.com/api/data/v1/get?reportName=RPT_DMSK_FN_CASHFLOW&columns=ALL&filter=%28SECURITY_CODE%3D%22603606%22%29&pageNumber=1&pageSize=500,https://datacenter-web.eastmoney.com/api/data/v1/get?reportName=RPT_DMSK_FN_BALANCE&columns=ALL&filter=%28SECURITY_CODE%3D%22603606%22%29&pageNumber=1&pageSize=500,https://push2his.eastmoney.com/api/qt/stock/kline/get?secid=1.603606&klt=101&fqt=0&beg=20190101&end=20260722&lmt=5000&fields1=f1%2Cf2%2Cf3%2Cf4%2Cf5%2Cf6&fields2=f51%2Cf52%2Cf53%2Cf54%2Cf55%2Cf56%2Cf57%2Cf58%2Cf59%2Cf60%2Cf61,https://push2his.eastmoney.com/api/qt/stock/kline/get?secid=0.399808&klt=101&fqt=0&beg=20190101&end=20260722&lmt=5000&fields1=f1%2Cf2%2Cf3%2Cf4%2Cf5%2Cf6&fields2=f51%2Cf52%2Cf53%2Cf54%2Cf55%2Cf56%2Cf57%2Cf58%2Cf59%2Cf60%2Cf61
603606,东方电缆,海缆,2023-06-30,2023-08-05,3688074591.64,-4.4409141066,616559787.42,18.08,28.6218395355,104850610.04,1646982253.72,3054275093.3,371279365.73,44.9,0.2004454342984463,-7.126948775055675,-17.70601336302895,0.8008716109203062,-4.018798584535832,-5.8570436397638375,2023-08-07,2023-08-11,2023-09-01,6837529829.969999,936291180.05,https://datacenter-web.eastmoney.com/api/data/v1/get?reportName=RPT_LICO_FN_CPD&columns=ALL&filter=%28SECURITY_CODE%3D%22603606%22%29&pageNumber=1&pageSize=500,https://datacenter-web.eastmoney.com/api/data/v1/get?reportName=RPT_DMSK_FN_CASHFLOW&columns=ALL&filter=%28SECURITY_CODE%3D%22603606%22%29&pageNumber=1&pageSize=500,https://datacenter-web.eastmoney.com/api/data/v1/get?reportName=RPT_DMSK_FN_BALANCE&columns=ALL&filter=%28SECURITY_CODE%3D%22603606%22%29&pageNumber=1&pageSize=500,https://push2his.eastmoney.com/api/qt/stock/kline/get?secid=1.603606&klt=101&fqt=0&beg=20190101&end=20260722&lmt=5000&fields1=f1%2Cf2%2Cf3%2Cf4%2Cf5%2Cf6&fields2=f51%2Cf52%2Cf53%2Cf54%2Cf55%2Cf56%2Cf57%2Cf58%2Cf59%2Cf60%2Cf61,https://push2his.eastmoney.com/api/qt/stock/kline/get?secid=0.399808&klt=101&fqt=0&beg=20190101&end=20260722&lmt=5000&fields1=f1%2Cf2%2Cf3%2Cf4%2Cf5%2Cf6&fields2=f51%2Cf52%2Cf53%2Cf54%2Cf55%2Cf56%2Cf57%2Cf58%2Cf59%2Cf60%2Cf61
603606,东方电缆,海缆,2023-09-30,2023-10-26,5349500168.04,-5.5641258992,821873173.99,11.63,26.2202538701,71012578.91,2017727412.65,2965146082.47,537449476.99,42.29,2.151808938283284,4.847481674154652,-3.4050602979427746,-1.6711249840432485,4.3643231981745245,-4.355271967370344,2023-10-27,2023-11-02,2023-11-23,6693735071.630001,927526634.0999999,https://datacenter-web.eastmoney.com/api/data/v1/get?reportName=RPT_LICO_FN_CPD&columns=ALL&filter=%28SECURITY_CODE%3D%22603606%22%29&pageNumber=1&pageSize=500,https://datacenter-web.eastmoney.com/api/data/v1/get?reportName=RPT_DMSK_FN_CASHFLOW&columns=ALL&filter=%28SECURITY_CODE%3D%22603606%22%29&pageNumber=1&pageSize=500,https://datacenter-web.eastmoney.com/api/data/v1/get?reportName=RPT_DMSK_FN_BALANCE&columns=ALL&filter=%28SECURITY_CODE%3D%22603606%22%29&pageNumber=1&pageSize=500,https://push2his.eastmoney.com/api/qt/stock/kline/get?secid=1.603606&klt=101&fqt=0&beg=20190101&end=20260722&lmt=5000&fields1=f1%2Cf2%2Cf3%2Cf4%2Cf5%2Cf6&fields2=f51%2Cf52%2Cf53%2Cf54%2Cf55%2Cf56%2Cf57%2Cf58%2Cf59%2Cf60%2Cf61,https://push2his.eastmoney.com/api/qt/stock/kline/get?secid=0.399808&klt=101&fqt=0&beg=20190101&end=20260722&lmt=5000&fields1=f1%2Cf2%2Cf3%2Cf4%2Cf5%2Cf6&fields2=f51%2Cf52%2Cf53%2Cf54%2Cf55%2Cf56%2Cf57%2Cf58%2Cf59%2Cf60%2Cf61
603606,东方电缆,海缆,2023-12-31,2024-03-21,7310044018.46,4.2962137497,1000039507.51,18.78,25.2099679209,1190472137.58,2147650275.5,2684258531.72,662216094.94,46.12,0.8456201214223746,-4.401561144839539,-14.050303555941014,3.440587630654335,0.015942838977101026,-6.618934936011433,2024-03-22,2024-03-28,2024-04-22,7310044018.46,1000039507.51,https://datacenter-web.eastmoney.com/api/data/v1/get?reportName=RPT_LICO_FN_CPD&columns=ALL&filter=%28SECURITY_CODE%3D%22603606%22%29&pageNumber=1&pageSize=500,https://datacenter-web.eastmoney.com/api/data/v1/get?reportName=RPT_DMSK_FN_CASHFLOW&columns=ALL&filter=%28SECURITY_CODE%3D%22603606%22%29&pageNumber=1&pageSize=500,https://datacenter-web.eastmoney.com/api/data/v1/get?reportName=RPT_DMSK_FN_BALANCE&columns=ALL&filter=%28SECURITY_CODE%3D%22603606%22%29&pageNumber=1&pageSize=500,https://push2his.eastmoney.com/api/qt/stock/kline/get?secid=1.603606&klt=101&fqt=0&beg=20190101&end=20260722&lmt=5000&fields1=f1%2Cf2%2Cf3%2Cf4%2Cf5%2Cf6&fields2=f51%2Cf52%2Cf53%2Cf54%2Cf55%2Cf56%2Cf57%2Cf58%2Cf59%2Cf60%2Cf61,https://push2his.eastmoney.com/api/qt/stock/kline/get?secid=0.399808&klt=101&fqt=0&beg=20190101&end=20260722&lmt=5000&fields1=f1%2Cf2%2Cf3%2Cf4%2Cf5%2Cf6&fields2=f51%2Cf52%2Cf53%2Cf54%2Cf55%2Cf56%2Cf57%2Cf58%2Cf59%2Cf60%2Cf61
